npi,provider_type,bh_category,state,tot_benes,tot_services,tot_payment_amt,payment_per_service,services_per_bene,z_payment_per_service,z_services_per_bene,is_outlier
1831145127,Psychiatry,Psychiatry,AL,88.0,2357.0,1001.72,0.4249978786593127,26.78409090909091,-20.446628024072375,2.4825230734194297,True
1356475594,Psychiatry,Psychiatry,WI,16.0,2871.0,2142.06,0.7461024033437826,179.4375,-18.20752269951097,5.052371642410728,True
1326116286,Psychiatry,Psychiatry,NC,54.0,4540.0,4034.08,0.8885638766519823,84.07407407407408,-17.51227693177132,4.028051631401065,True
1891180832,Psychiatry,Psychiatry,OH,39.0,3228.0,3461.65,1.0723822800495664,82.76923076923077,-16.764164044547588,4.006917658812534,True
1003875568,Psychiatry,Psychiatry,WI,12.0,1995.0,2468.88,1.2375338345864662,166.25,-16.19426885864199,4.9492351598425115,True
1508805821,Psychiatry,Psychiatry,MA,14.0,762.0,1330.43,1.745971128608924,54.42857142857143,-14.824852242754108,3.440574108605601,True
1700220167,Psychiatry,Psychiatry,WI,24.0,2534.0,4849.96,1.913954222573007,105.58333333333333,-14.45937068147983,4.3358389978991205,True
1437133535,Psychiatry,Psychiatry,KY,37.0,135.0,259.74,1.9240000000000002,3.6486486486486487,-14.438542486593978,-0.21086123221021566,True
1396174967,Licensed Clinical Social Worker,Social Worker,LA,13.0,17.0,34.16,2.0094117647058822,1.3076923076923077,-14.31641461622918,-2.719456920270525,True
1073905444,Licensed Clinical Social Worker,Social Worker,GA,14.0,41.0,93.82,2.288292682926829,2.9285714285714284,-13.794527531460243,-1.6357179187906596,True
1558772061,Psychiatry,Psychiatry,FL,414.0,530616.9,1255095.26,2.3653510847468295,1281.6833333333334,-13.616869084084534,7.7088048329961945,True
1548558182,Psychiatry,Psychiatry,MD,43.0,138.0,331.84,2.40463768115942,3.2093023255813953,-13.55132948973262,-0.38421389856516397,True
1619973690,Psychiatry,Psychiatry,VT,289.0,27939.0,100620.62,3.6014395647660975,96.67474048442907,-11.944211623484671,4.216740294250415,True
1821460718,Licensed Clinical Social Worker,Social Worker,FL,39.0,304.0,1124.3,3.6983552631578944,7.794871794871795,-11.866695361212937,-0.3198397959865351,True
1285297937,Psychiatry,Psychiatry,NC,22.0,1656.0,6091.15,3.678230676328502,75.27272727272727,-11.860269058371987,3.878644708112899,True
1770060204,Psychiatry,Psychiatry,FL,38.0,65.0,261.35,4.020769230769231,1.7105263157894737,-11.506003583265128,-1.234407110655748,True
1720616675,Licensed Clinical Social Worker,Social Worker,FL,60.0,475.0,1992.55,4.194842105263158,7.916666666666667,-11.360856571149752,-0.29899951568299205,True
1396819066,Psychiatry,Psychiatry,NY,12.0,16.0,70.67,4.416875,1.3333333333333333,-11.132171835480255,-1.5709958863395674,True
1700971959,Psychiatry,Psychiatry,NJ,11.0,12.0,53.42,4.451666666666667,1.0909090909090908,-11.100954766044104,-1.8421253203647108,True
1366529257,Licensed Professional Counselor,Counselor / MFT,MN,63.0,2564.0,7827.81,3.052968018720749,40.698412698412696,-10.975350283248703,2.631921849781833,True
1154408268,Psychiatry,Psychiatry,FL,12.0,21.0,102.04,4.85904761904762,1.75,-10.752567744024654,-1.2035818291867117,True
1326128323,Psychiatry,Psychiatry,FL,189.0,5417.0,5850543.63,1080.0338988369947,28.66137566137566,10.747736700718658,2.5740508380013574,True
1962851394,Psychiatry,Psychiatry,MN,61.0,8333.0,40914.7,4.909960398415937,136.60655737704917,-10.711096491557944,4.683892510885709,True
1770287534,Licensed Clinical Social Worker,Social Worker,FL,11.0,12.0,59.43,4.9525,1.0909090909090908,-10.694114343560967,-2.963091449638158,True
1033650445,Psychiatry,Psychiatry,WI,124.0,8097.0,40043.13,4.945427936272694,65.29838709677419,-10.682459588211557,3.686582798621858,True
1821357161,Psychiatry,Psychiatry,CA,13.0,13.0,64.95,4.996153846153846,1.0,-10.64185781466307,-1.9596878042272152,True
1649772872,Licensed Clinical Social Worker,Social Worker,GA,11.0,12.0,60.56,5.046666666666667,1.0909090909090908,-10.618478120420338,-2.963091449638158,True
1619268885,Psychiatry,Psychiatry,OH,26.0,671.0,3588.02,5.347272727272728,25.807692307692307,-10.371634057074356,2.4323487107438635,True
1891012233,Psychiatry,Psychiatry,WV,76.0,114.0,633.61,5.557982456140351,1.5,-10.21786473859688,-1.4118573149515905,True
1275096125,Psychiatry,Psychiatry,WI,91.0,8363.0,47153.91,5.63839650842999,91.9010989010989,-10.160713097526322,4.148320894780435,True
1255333068,Psychiatry,Psychiatry,GA,11.0,23.0,134.15,5.8326086956521745,2.090909090909091,-10.02597718012792,-0.9631058990914381,True
1972759215,Psychiatry,Psychiatry,NY,13.0,3267.0,19302.86,5.9084358738904195,251.30769230769232,-9.974585705937134,5.507496626499272,True
1629398961,Psychiatry,Psychiatry,FL,79.0,4120.0,3637372.59,882.8574247572815,52.151898734177216,9.945702452520804,3.3828427546503472,True
1285920496,Psychiatry,Psychiatry,NC,14.0,24.0,147.68,6.153333333333333,1.7142857142857142,-9.813001156006198,-1.231440882828822,True
1710128723,Psychiatry,Psychiatry,HI,17.0,2950.0,18211.57,6.173413559322034,173.52941176470588,-9.800038697442092,5.00713647009639,True
1871974584,Psychiatry,Psychiatry,MA,19.0,397.0,336183.4,846.8095717884131,20.894736842105264,9.779840538339943,2.147026338484795,True
1437479235,Psychiatry,Psychiatry,OH,58.0,2739.0,17375.01,6.343559693318729,47.224137931034484,-9.691866315707877,3.2487371304468433,True
1205262094,Psychiatry,Psychiatry,WI,37.0,1033.0,6659.93,6.447173281703776,27.91891891891892,-9.627405223258643,2.5385896249491045,True
1790715092,Psychiatry,Psychiatry,IL,246.0,21391.0,142007.24,6.638644289654527,86.95528455284553,-9.510965802167004,4.073578535103808,True
1710363890,Psychiatry,Psychiatry,MN,114.0,3257.0,21777.25,6.686291065397605,28.57017543859649,-9.48251220773589,2.56974474447997,True
1548274616,Psychiatry,Psychiatry,CO,34.0,495.0,3319.76,6.706585858585859,14.558823529411764,-9.47045413320086,1.6588679577959897,True
1982764551,Addiction Medicine,Psychiatry,KY,20.0,10342.0,33728.33,3.261296654418875,517.1,-9.449721354244103,5.612304246663749,True
1023125622,Psychiatry,Psychiatry,MI,15.0,47.0,319.6,6.800000000000001,3.1333333333333333,-9.41541889543994,-0.41658146717463823,True
1770511446,Psychiatry,Psychiatry,RI,168.0,145725.0,1001905.11,6.875313844570252,867.4107142857143,-9.371595221272127,7.181306068508727,True
1629569652,Psychiatry,Psychiatry,MA,67.0,252.0,192265.3,762.9575396825396,3.7611940298507465,9.364971832015403,-0.16981485837044777,True
1225397987,Psychiatry,Psychiatry,NC,48.0,2248.0,15529.97,6.908349644128114,46.833333333333336,-9.352523588680539,3.237509410476196,True
1477834877,Licensed Clinical Social Worker,Social Worker,TN,11.0,13.0,92.5,7.115384615384615,1.1818181818181819,-9.238983672028324,-2.855500350917725,True
1134101645,Psychiatry,Psychiatry,MI,287.0,32764.0,235278.28,7.180999877914784,114.1602787456446,-9.198518159528025,4.441365072739333,True
1538795851,Licensed Clinical Social Worker,Social Worker,AL,12.0,16.0,115.66,7.22875,1.3333333333333333,-9.17550924916261,-2.693355689400946,True
1336207216,Psychiatry,Psychiatry,LA,16.0,58.0,420.91,7.257068965517242,3.625,-9.156593456316212,-0.21964697020672933,True
1801211610,Licensed Professional Counselor,Counselor / MFT,MN,40.0,394.0,2015.81,5.116269035532995,9.85,-9.146413791573956,0.8202314153974346,True
1962793646,Psychiatry,Psychiatry,WI,11.0,2259.0,16480.23,7.295365205843293,205.36363636363637,-9.135652892126975,5.2347119197004846,True
1811194913,Psychiatry,Psychiatry,MA,25.0,222.0,1634.49,7.3625675675675675,8.88,-9.099170632242355,0.9908819279907012,True
1366490195,Psychiatry,Psychiatry,NY,46.0,523.0,373217.41,713.6088145315487,11.369565217391305,9.098928960304322,1.3247947812990382,True
1730286527,Psychiatry,Psychiatry,FL,17.0,93.0,691.22,7.43247311827957,5.470588235294118,-9.061572557322199,0.3363804070964037,True
1205466356,Psychiatry,Psychiatry,TX,20.0,31.0,21662.99,698.8061290322581,1.55,9.015529932252344,-1.3675544530747847,True
1558338731,Licensed Clinical Social Worker,Social Worker,OK,24.0,56.0,433.51,7.74125,2.3333333333333335,-8.900450520532548,-1.9411362900917,True
1801162979,Psychiatry,Psychiatry,WI,15.0,434.0,3374.96,7.776405529953917,28.933333333333334,-8.881595628178367,2.5868106613431823,True
1588081673,Psychiatry,Psychiatry,MA,75.0,382.0,258014.15,675.4297120418848,5.093333333333334,8.880158991227344,0.23983821526968555,True
1033215280,Psychiatry,Psychiatry,VA,85.0,453.0,3560.46,7.859735099337748,5.329411764705882,-8.839188334209414,0.3010550947443032,True
1073771598,Psychiatry,Psychiatry,CA,72.0,791.0,522415.01,660.448811630847,10.98611111111111,8.790919715877184,1.2784403899376022,True
1487073581,Psychiatry,Psychiatry,NY,18.0,260.0,171288.5,658.8019230769231,14.444444444444445,8.78098617755717,1.648211211138283,True
1033156294,Psychiatry,Psychiatry,TX,14.0,118.0,77040.42,652.8849152542373,8.428571428571429,8.745090528716757,0.9203884354763805,True
1073502555,Psychiatry,Psychiatry,WI,127.0,5241.0,42862.01,8.17821217324938,41.267716535433074,-8.68115330274605,3.0665733621916575,True
1851734693,Psychiatry,Psychiatry,VA,29.0,1016.0,8376.18,8.244271653543308,35.03448275862069,-8.649144787329694,2.845331167513266,True
1548695075,Psychiatry,Psychiatry,AK,17.0,1602.0,13239.44,8.264319600499377,94.23529411764706,-8.639481453503624,4.1822093174519805,True
1831535053,Psychiatry,Psychiatry,CA,26.0,415.0,263043.23,633.8391084337349,15.961538461538462,8.62729940501593,1.7831500389031794,True
1538393137,Psychiatry,Psychiatry,OK,18.0,68.0,569.61,8.376617647058824,3.7777777777777777,-8.585782244206673,-0.16387065066354067,True
1508817826,Psychiatry,Psychiatry,VA,35.0,255.0,2146.09,8.416039215686276,7.285714285714286,-8.567102016546782,0.7235148421228295,True
1831148691,Psychiatry,Psychiatry,WI,64.0,5272.0,44638.81,8.46714908952959,82.375,-8.543013028800358,4.000466902392126,True
1629018445,Psychiatry,Psychiatry,SD,21.0,276.0,170556.44,617.9581159420289,13.142857142857142,8.526343009378138,1.5206233527709951,True
1033371299,Addiction Medicine,Psychiatry,MA,94.0,2815.0,12429.3,4.41538188277087,29.9468085106383,-8.519440181700332,2.33763920301496,True
1982902185,"Psychologist, Clinical",Psychologist,UT,14.0,237.0,856.7,3.6147679324894515,16.928571428571427,-8.516292282950822,0.6526831311917062,True
1831197250,Psychiatry,Psychiatry,CA,16.0,198.0,121001.38,611.1180808080808,12.375,8.482058596859854,1.4392859940636984,True
1457344004,Psychiatry,Psychiatry,KY,16.0,64.0,553.6,8.65,4.0,-8.458007124174886,-0.08664298990067087,True
1396834875,Psychiatry,Psychiatry,TX,12.0,54.0,467.1,8.65,4.5,-8.458007124174886,0.07249558148730618,True
1861847766,Psychiatry,Psychiatry,SC,262.0,17272.0,149677.41,8.665899143121816,65.92366412213741,-8.450700854925799,3.699459115141112,True
1902028913,Addiction Medicine,Psychiatry,MI,13.0,21.0,95.31,4.538571428571428,1.6153846153846154,-8.43494502777901,-1.018680753549426,True
1811946072,Psychiatry,Psychiatry,CA,21.0,135.0,81262.94,601.9477037037037,6.428571428571429,8.421902729293022,0.5544048879674736,True
1942384300,Psychiatry,Psychiatry,MS,58.0,114.0,995.89,8.735877192982455,1.9655172413793103,-8.418701776302624,-1.0466636629533408,True
1962866145,Psychiatry,Psychiatry,WI,27.0,1486.0,13023.2,8.763930013458952,55.03703703703704,-8.405945893519222,3.4555946477336255,True
1609929421,Psychiatry,Psychiatry,MI,14.0,48.0,423.38,8.820416666666667,3.4285714285714284,-8.380384296743197,-0.2949184756655497,True
1841252566,Psychiatry,Psychiatry,KS,24.0,625.0,5538.56,8.861696,26.041666666666668,-8.36180769845768,2.4445428325798444,True
1770754202,Psychiatry,Psychiatry,CA,20.0,155.0,91616.56,591.0745806451613,7.75,8.349378244559622,0.8069832356091582,True
1003863838,Psychiatry,Psychiatry,CA,35.0,367.0,216410.75,589.675068119891,10.485714285714286,8.339946629930903,1.2154539693899997,True
1548345184,Licensed Clinical Social Worker,Social Worker,CA,17.0,32.0,285.92,8.935,1.8823529411764706,-8.324557181703197,-2.229831055092726,True
1063641918,Psychiatry,Psychiatry,KY,46.0,3269.0,29446.48,9.00779443254818,71.06521739130434,-8.296748314797858,3.800928676238446,True
1255793634,Psychiatry,Psychiatry,LA,15.0,45.0,423.61,9.413555555555556,3.0,-8.121446621774693,-0.47533490778831833,True
1619037462,Psychiatry,Psychiatry,MI,18.0,29.0,273.29,9.423793103448277,1.6111111111111112,-8.117122050169204,-1.3153079487579784,True
1760454839,Psychiatry,Psychiatry,IN,32.0,103.0,978.82,9.503106796116505,3.21875,-8.083776483167313,-0.3802422708274598,True
1649230509,Psychiatry,Psychiatry,VA,31.0,125.0,1212.11,9.696879999999998,4.032258064516129,-8.003465597523272,-0.07579059233830344,True
1437100278,Psychiatry,Psychiatry,CA,26.0,454.0,245652.44,541.0846696035243,17.46153846153846,7.9977982144491415,1.9045055124744625,True
1366737652,Psychiatry,Psychiatry,CA,11.0,1091.0,10610.32,9.72531622364803,99.18181818181819,-7.991815199213807,4.251332328602257,True
1285701201,Licensed Clinical Social Worker,Social Worker,NJ,11.0,17.0,167.16,9.832941176470587,1.5454545454545454,-7.940012714530704,-2.4949076385551505,True
1164755328,Psychiatry,Psychiatry,NV,13.0,110.0,58384.92,530.7719999999999,8.461538461538462,7.921235967576941,0.9256628061268607,True
1164800538,Licensed Clinical Social Worker,Social Worker,CA,140.0,1382.0,13743.55,9.944681620839363,9.871428571428572,-7.894636889939605,-0.0023754336153893824,True
1790816510,Psychiatry,Psychiatry,NY,24.0,28.0,279.18,9.970714285714285,1.1666666666666667,-7.892667697908776,-1.751412318462336,True
1013015189,Psychiatry,Psychiatry,UT,20.0,89.0,890.42,10.004719101123595,4.45,-7.879121684221767,0.05739915367862342,True
1063896124,Psychiatry,Psychiatry,TX,25.0,35.0,361.32,10.323428571428572,1.4,-7.754354714007533,-1.5050747035441105,True
1730455304,Licensed Clinical Social Worker,Social Worker,OR,39.0,1070.0,11033.14,10.311345794392523,27.435897435897434,-7.749243304293417,1.3716466693084512,True
1487948774,Psychiatry,Psychiatry,SC,16.0,31.0,324.87,10.47967741935484,1.9375,-7.694587406945094,-1.066061578717386,True
1225187222,Psychiatry,Psychiatry,HI,11.0,149.0,1579.64,10.601610738255035,13.545454545454545,-7.648562070393639,1.5613900493703898,True
1437463619,Psychiatry,Psychiatry,WI,25.0,417.0,206454.13,495.09383693045567,16.68,7.644379935414274,1.8426375447243009,True
1255493011,Psychiatry,Psychiatry,MD,51.0,2000.0,21239.99,10.619995000000001,39.21568627450981,-7.641668647202603,2.997661454760611,True
1891076329,Psychiatry,Psychiatry,NY,29.0,163.0,79946.24,490.4677300613497,5.620689655172414,7.607028958013195,0.37295272085148123,True
1740337203,Psychiatry,Psychiatry,HI,13.0,132.0,1415.88,10.726363636363637,10.153846153846153,-7.6020170885090765,1.1720004210450865,True
1437545241,Psychiatry,Psychiatry,CA,16.0,156.0,75810.84,485.9669230769231,9.75,7.57034998559883,1.1171649902812133,True
1063567063,Psychiatry,Psychiatry,CA,41.0,75.0,812.02,10.826933333333333,1.829268292682927,-7.564887215826623,-1.1437270302877738,True
1922040666,Psychiatry,Psychiatry,MA,60.0,604.0,291883.99,483.2516390728477,10.066666666666666,7.548057342979012,1.1603498411447055,True
1992008940,Licensed Professional Counselor,Counselor / MFT,MN,40.0,278.0,2235.91,8.042841726618704,6.95,-7.544023267049964,0.3749064129813258,True
1992221931,"Psychologist, Clinical",Psychologist,MN,81.0,1182.0,6148.88,5.202098138747885,14.592592592592593,-7.529331905999989,0.4551771476988219,True
1851785810,Psychiatry,Psychiatry,LA,13.0,30.0,327.96,10.931999999999999,2.3076923076923075,-7.526463655214307,-0.8298195243371793,True
1760695290,Psychiatry,Psychiatry,KS,26.0,197.0,94021.23,477.26512690355327,7.576923076923077,7.498461940083265,0.7764673936939204,True
1508345083,Licensed Clinical Social Worker,Social Worker,PA,11.0,53.0,582.14,10.98377358490566,4.818181818181818,-7.495559007716818,-0.9664794259252232,True
1720284250,Psychiatry,Psychiatry,KS,52.0,937.0,446319.57,476.32824973319106,18.01923076923077,7.490644105994999,1.9469831255104606,True
1104583988,Licensed Clinical Social Worker,Social Worker,MI,31.0,33.0,378.6,11.472727272727273,1.064516129032258,-7.320663808285074,-2.996011572258496,True
1629546775,Licensed Clinical Social Worker,Social Worker,OH,17.0,17.0,195.11,11.477058823529413,1.0,-7.319147985676607,-3.0800496326330995,True
1265487631,Psychiatry,Psychiatry,KY,441.0,11729.0,136508.76,11.638567652826328,26.596371882086167,-7.27727969851708,2.4730202981792537,True
1477598423,Psychiatry,Psychiatry,FL,11.0,13.0,151.74,11.672307692307694,1.1818181818181819,-7.265762305492105,-1.7339783187340754,True
1508087362,Psychiatry,Psychiatry,CA,11.0,103.0,1209.56,11.743300970873786,9.363636363636363,-7.241636601675807,1.0625345380859643,True
1548478688,Psychiatry,Psychiatry,VA,70.0,442.0,5192.59,11.747941176470588,6.314285714285714,-7.240064798626214,0.5301689693960656,True
1578553400,"Psychologist, Clinical",Psychologist,FL,212.0,4174.0,24182.62,5.793632007666507,19.68867924528302,-7.237345690449203,0.8535838585298108,True
1043470446,Psychiatry,Psychiatry,CA,15.0,1640.0,19305.26,11.7715,109.33333333333333,-7.232094150721088,4.382994020691046,True
1194883546,Psychiatry,Psychiatry,CT,14.0,2804.0,33016.23,11.774689728958633,200.28571428571428,-7.231016197227941,5.200883583298509,True
1457981870,Licensed Clinical Social Worker,Social Worker,CT,51.0,260.0,3090.03,11.88473076923077,5.098039215686274,-7.1789852995902494,-0.8905883861658018,True
1003040320,Psychiatry,Psychiatry,NY,22.0,255.0,112292.67,440.36341176470586,11.590909090909092,7.178291822806437,1.3508456861076115,True
1689133407,Psychiatry,Psychiatry,IL,32.0,997.0,11917.57,11.953430290872618,31.15625,-7.171073692989103,2.686821006590064,True
1225202906,Psychiatry,Psychiatry,HI,13.0,24.0,287.26,11.969166666666666,1.8461538461538463,-7.165839336021915,-1.131312398694578,True
1740393206,Psychiatry,Psychiatry,SC,108.0,845.0,10123.84,11.98087573964497,7.824074074074074,-7.1619490356015145,0.8198358056056455,True
1164884326,Psychiatry,Psychiatry,CA,26.0,2946.0,35349.83,11.999263408010863,113.3076923076923,-7.155847460964971,4.431236624632355,True
1104169135,Psychiatry,Psychiatry,CA,25.0,2906.0,34899.99,12.00963179628355,116.24,-7.152411042985436,4.465757590680528,True
1497770481,Psychiatry,Psychiatry,MI,20.0,2141.0,25907.91,12.1008453993461,107.05,-7.122307143405402,4.354478300945665,True
1437338928,Psychiatry,Psychiatry,OR,18.0,23.0,280.14,12.18,1.2777777777777777,-7.096366498050031,-1.628498872229567,True
1578628814,Psychiatry,Psychiatry,MD,54.0,725.0,8843.8,12.198344827586206,13.425925925925926,-7.09037857266474,1.5494145321710109,True
1215256151,Psychiatry,Psychiatry,CA,26.0,1851.0,22594.95,12.206888168557537,71.1923076923077,-7.087593018044516,3.8033428025106533,True
1063904704,Psychiatry,Psychiatry,NY,25.0,56.0,686.38,12.256785714285714,2.24,-7.071362776326421,-0.8700451707382373,True
1518294537,Psychiatry,Psychiatry,CA,14.0,1427.0,17553.07,12.300679747722494,101.92857142857143,-7.057139839202383,4.288241547383271,True
1801032297,Addiction Medicine,Psychiatry,OK,27.0,145.0,1031.84,7.1161379310344826,5.37037037037037,-7.053958948872841,0.36222151058100205,True
1780661918,Psychiatry,Psychiatry,IN,14.0,14.0,172.9,12.35,1.0,-7.041219077251545,-1.9596878042272152,True
1679552368,Geriatric Psychiatry,Psychiatry,PA,24.0,25.0,441.1,17.644000000000002,1.0416666666666667,-7.030809212136573,-2.216210061047254,True
1851548176,Licensed Clinical Social Worker,Social Worker,IL,21.0,371.0,4578.29,12.340404312668463,17.666666666666668,-7.027899920313365,0.7799792818622898,True
1760625842,Psychiatry,Psychiatry,CA,11.0,800.0,9932.5,12.415625,72.72727272727273,-7.020133382275277,3.8321643820540947,True
1265979165,"Psychologist, Clinical",Psychologist,FL,175.0,2850.0,17940.58,6.2949403508771935,16.285714285714285,-7.012354051812901,0.6011886788164061,True
1578755922,Psychiatry,Psychiatry,NC,131.0,2413.0,30027.84,12.44419394944053,18.419847328244273,-7.010988810360038,1.9766930618816523,True
1992844906,Psychiatry,Psychiatry,NM,22.0,1807.0,22738.3,12.58345323741007,82.13636363636364,-6.966712083569588,3.996547103983158,True
1912990391,Neuropsychiatry,Psychiatry,GA,624.0,83756.0,487114.59,5.815876952098955,134.22435897435898,-6.935762755794309,5.116242526730194,True
1679645998,Psychiatry,Psychiatry,CO,14.0,87.0,35931.33,413.0037931034483,6.214285714285714,6.923086434486669,0.5085999511916638,True
1881123313,Psychiatry,Psychiatry,MI,106.0,2851.0,36302.51,12.73325499824623,26.89622641509434,-6.919627186024684,2.488167910496872,True
1962727966,Psychiatry,Psychiatry,MA,54.0,743.0,305197.17,410.7633512786002,13.75925925925926,6.901444446307495,1.582549833407081,True
1639173156,Psychiatry,Psychiatry,KS,261.0,6856.0,87756.24,12.799918319719954,26.268199233716476,-6.8988517560221005,2.456245165844935,True
1912911090,Psychiatry,Psychiatry,MO,14.0,55.0,705.25,12.822727272727272,3.9285714285714284,-6.8917682482453975,-0.11098808517065518,True
1235172016,Psychiatry,Psychiatry,VA,109.0,2672.0,34400.01,12.87425523952096,24.513761467889907,-6.875812089851594,2.3628500662306453,True
1972558716,Licensed Clinical Social Worker,Social Worker,CT,54.0,99.0,1279.13,12.920505050505051,1.8333333333333333,-6.843434739026115,-2.2652993702368147,True
1104926153,Psychiatry,Psychiatry,PA,77.0,343.0,4462.46,13.010087463556852,4.454545454545454,-6.834054393061618,0.05877854760394364,True
1366193492,Licensed Clinical Social Worker,Social Worker,IN,21.0,74.0,963.64,13.022162162162163,3.5238095238095237,-6.811963853072542,-1.387008728255628,True
1316991680,Psychiatry,Psychiatry,WI,40.0,773.0,10208.75,13.20666235446313,19.325,-6.774388765611321,2.0415072587725307,True
1245491760,Licensed Clinical Social Worker,Social Worker,MI,11.0,51.0,671.16,13.16,4.636363636363637,-6.769682336072883,-1.0181846910048504,True
1598743213,"Psychologist, Clinical",Psychologist,AZ,90.0,3857.0,26599.16,6.896333938294011,42.855555555555554,-6.764976366409894,1.8881299190840666,True
1285780874,Neuropsychiatry,Psychiatry,CO,188.0,39181.0,244470.13,6.239507159082208,208.4095744680851,-6.7508985848309395,5.699972446893459,True
1942225073,Psychiatry,Psychiatry,MO,28.0,104.0,1384.9,13.316346153846155,3.7142857142857144,-6.741481707637917,-0.18677147403491473,True
1184271686,Licensed Clinical Social Worker,Social Worker,MS,26.0,40.0,531.61,13.29025,1.5384615384615385,-6.730133376211173,-2.501003663306115,True
1265844682,Psychiatry,Psychiatry,WI,103.0,2949.0,39742.62,13.476642929806715,28.631067961165048,-6.693874174152924,2.572621357010331,True
1992975841,Psychiatry,Psychiatry,TX,37.0,1781.0,688944.17,386.82996631106124,48.13513513513514,6.662597386638111,3.2745531946415545,True
1609019348,Psychiatry,Psychiatry,CA,11.0,653.0,8869.73,13.583047473200612,59.36363636363637,-6.662584109044322,3.5578410404090692,True
1780644880,Psychiatry,Psychiatry,MI,180.0,2647.0,1016953.47,384.1909595768795,14.705555555555556,6.635361412780459,1.6724171045709102,True
1114098530,Neuropsychiatry,Psychiatry,NC,93.0,15800.0,103999.3,6.58223417721519,169.89247311827958,-6.610302631686816,5.428878992763539,True
1710198239,Psychiatry,Psychiatry,FL,21.0,57.0,785.29,13.777017543859648,2.7142857142857144,-6.606169477685267,-0.6105592932489828,True
1700221421,Psychiatry,Psychiatry,CA,15.0,485.0,6710.21,13.835484536082474,32.333333333333336,-6.58932054018031,2.7369255613667702,True
1689107526,Psychiatry,Psychiatry,CA,22.0,171.0,64839.33,379.1773684210526,7.7727272727272725,6.58309918693603,0.810939654929649,True
1578990776,Licensed Clinical Social Worker,Social Worker,GA,16.0,41.0,566.4,13.814634146341463,2.5625,-6.574737390723348,-1.815206964872641,True
1790870905,Psychiatry,Psychiatry,OK,18.0,28.0,389.14,13.897857142857143,1.5555555555555556,-6.57142440281771,-1.3627204005746885,True
1235788480,"Psychologist, Clinical",Psychologist,UT,20.0,136.0,1009.41,7.422132352941176,6.8,-6.565768989609831,-0.5604813319958415,True
1992238604,Psychiatry,Psychiatry,MN,60.0,1972.0,27516.19,13.953443204868153,32.86666666666667,-6.555543035634688,2.759030205438443,True
1366548042,Psychiatry,Psychiatry,VA,40.0,46.0,644.14,14.003043478260869,1.15,-6.541425177513961,-1.770853175198989,True
1902853617,Neuropsychiatry,Psychiatry,KY,204.0,30087.0,203815.44,6.774202811845647,147.48529411764707,-6.534717288992068,5.24123681181318,True
1548609712,"Psychologist, Clinical",Psychologist,WA,54.0,533.0,4013.65,7.530300187617261,9.87037037037037,-6.526542343353886,-0.0648637402598242,True
1831414507,Psychiatry,Psychiatry,CO,29.0,397.0,147877.92,372.48846347607054,13.689655172413794,6.51228691008914,1.575697583319773,True
1932828555,Licensed Clinical Social Worker,Social Worker,KY,14.0,44.0,617.74,14.039545454545454,3.142857142857143,-6.509886795921444,-1.5407958219957596,True
1952932915,Licensed Clinical Social Worker,Social Worker,IN,12.0,207.0,2923.26,14.122028985507248,17.25,-6.486363663181631,0.7478973018435242,True
1326601766,Psychiatry,Psychiatry,NC,23.0,65.0,23824.03,366.52353846153846,2.8260869565217392,6.448058110124622,-0.5560225351859094,True
1801061130,Psychiatry,Psychiatry,VT,38.0,172.0,2481.8,14.429069767441861,4.526315789473684,-6.422183893431846,0.08037383256960852,True
1548214968,Psychiatry,Psychiatry,IN,34.0,37.0,536.09,14.48891891891892,1.088235294117647,-6.40571526566414,-1.845440944685049,True
1184893513,Licensed Clinical Social Worker,Social Worker,CA,51.0,254.0,3687.08,14.516062992125985,4.980392156862745,-6.375853902613754,-0.9219712393659648,True
1841483864,Psychiatry,Psychiatry,CA,18.0,494.0,7213.8,14.602834008097167,27.444444444444443,-6.3745564843556615,2.5154304156363474,True
1003942426,Psychiatry,Psychiatry,MA,63.0,190.0,68342.69,359.69836842105263,3.015873015873016,6.3732715088903635,-0.4682049902795611,True
1447286406,Psychiatry,Psychiatry,NY,23.0,115.0,41289.46,359.03878260869567,5.0,6.365969065264422,0.21484988445672795,True
1700898640,Psychiatry,Psychiatry,TX,48.0,273.0,3996.08,14.637655677655678,5.6875,-6.365080332029146,0.38891806888281993,True
1568624450,Licensed Clinical Social Worker,Social Worker,CT,18.0,126.0,1841.0,14.61111111111111,7.0,-6.349646117380109,-0.4644133425413999,True
1487616272,Psychiatry,Psychiatry,TX,108.0,1381.0,487507.96,353.01083272990587,12.787037037037036,6.298603705880108,1.483539938787207,True
1649629551,Psychiatry,Psychiatry,NC,21.0,78.0,27520.18,352.8228205128205,3.7142857142857144,6.296484122042073,-0.18677147403491473,True
1275983991,Licensed Clinical Social Worker,Social Worker,CA,17.0,58.0,859.47,14.81844827586207,3.411764705882353,-6.293063349808605,-1.4304429159471979,True
1013178623,Psychiatry,Psychiatry,RI,18.0,728.0,10868.07,14.928667582417582,40.44444444444444,-6.286756425721804,3.0393467189846595,True
1215010491,Licensed Clinical Social Worker,Social Worker,KY,13.0,54.0,802.0,14.851851851851851,4.153846153846154,-6.284021551583121,-1.1659032816441597,True
1669678009,Psychiatry,Psychiatry,IL,133.0,3289.0,49174.74,14.951273943447855,24.729323308270676,-6.280736129258375,2.3746791773981837,True
1962782920,Licensed Clinical Social Worker,Social Worker,NC,12.0,36.0,536.39,14.899722222222222,3.0,-6.271099221830102,-1.6033266850827994,True
1073534921,Psychiatry,Psychiatry,TX,44.0,376.0,131418.27,349.51667553191487,8.545454545454545,6.2590260957657655,0.9389962982085368,True
1083616429,Psychiatry,Psychiatry,MI,81.0,432.0,6502.01,15.050949074074074,5.333333333333333,-6.254299757178081,0.30204892798697686,True
1639432081,Psychiatry,Psychiatry,FL,18.0,333.0,5018.0,15.06906906906907,18.5,-6.24951268720042,1.9825595945931462,True
1043258429,Psychiatry,Psychiatry,CA,320.0,42339.0,639850.01,15.1125442263634,132.309375,-6.238050542378077,4.640708106947696,True
1457829509,Licensed Clinical Social Worker,Social Worker,CA,27.0,92.0,1383.15,15.034239130434784,3.4074074074074074,-6.23500819724343,-1.4321607067927677,True
1164956181,"Psychologist, Clinical",Psychologist,NH,21.0,417.0,3499.06,8.391031175059952,19.857142857142858,-6.233116062573636,0.8649163336628504,True
1033682604,Licensed Clinical Social Worker,Social Worker,CA,54.0,532.0,8002.44,15.04218045112782,9.851851851851851,-6.232887638955211,-0.005043800115928955,True
1538574827,Licensed Clinical Social Worker,Social Worker,CT,11.0,44.0,662.92,15.066363636363635,4.0,-6.226436930038237,-1.2166327418506455,True
1659817831,Licensed Professional Counselor,Counselor / MFT,OH,11.0,37.0,432.54,11.69027027027027,3.3636363636363638,-6.219288430988053,-0.5518306432895648,True
1821252370,Psychiatry,Psychiatry,SC,242.0,664.0,227981.59,343.34576807228916,2.743801652892562,6.188153167711,-0.5959461697007442,True
1942388657,Psychiatry,Psychiatry,CA,59.0,818.0,280050.51,342.3600366748166,13.864406779661017,6.17671417080438,1.5928357388011412,True
1558350603,Psychiatry,Psychiatry,TX,39.0,76.0,1171.48,15.41421052631579,1.9487179487179487,-6.159413499094024,-1.0582612983903636,True
1043291123,Psychiatry,Psychiatry,AL,182.0,1048.0,16227.92,15.484656488549618,5.758241758241758,-6.141271665364702,0.40561974833358544,True
1811380348,Licensed Clinical Social Worker,Social Worker,MI,16.0,89.0,1371.21,15.40685393258427,5.5625,-6.136696508356091,-0.7733878864643084,True
1801937180,Licensed Clinical Social Worker,Social Worker,CA,47.0,255.0,3929.54,15.409960784313725,5.425531914893617,-6.1358868228099475,-0.8069003638533325,True
1629115902,Psychiatry,Psychiatry,CO,13.0,259.0,4021.12,15.525559845559846,19.923076923076923,-6.130775726604634,2.0826880787273905,True
1699782326,Licensed Clinical Social Worker,Social Worker,KY,89.0,258.0,4006.55,15.529263565891474,2.898876404494382,-6.104917842556729,-1.6494170685405722,True
1548397193,Licensed Clinical Social Worker,Social Worker,AR,16.0,213.0,3310.02,15.54,13.3125,-6.1021425247261005,0.3996108616151763,True
1467702696,"Psychologist, Clinical",Psychologist,MN,64.0,413.0,3642.91,8.820605326876512,6.453125,-6.0977550808152,-0.6301232225411572,True
1700233152,Psychiatry,Psychiatry,MI,34.0,1399.0,469136.07,335.33671908506074,41.14705882352941,6.094245436547974,3.06261720969613,True
1558457630,Licensed Clinical Social Worker,Social Worker,NJ,23.0,361.0,5621.22,15.571246537396123,15.695652173913043,-6.094076338653133,0.6209693690284107,True
1114241965,Psychiatry,Psychiatry,NV,12.0,115.0,38552.35,335.2378260869565,9.583333333333334,6.093071930418606,1.0938693057300009,True
1750841425,Psychiatry,Psychiatry,IL,135.0,2505.0,39328.58,15.700031936127745,18.555555555555557,-6.086313962910417,1.9866109206645763,True
1710557723,Licensed Clinical Social Worker,Social Worker,GA,17.0,307.0,4794.99,15.61885993485342,18.058823529411764,-6.081816175303897,0.8094902620058593,True
1316472673,Psychiatry,Psychiatry,CA,19.0,366.0,122042.45,333.4493169398907,19.263157894736842,6.071788770530302,2.0371766066571633,True
1326593450,Licensed Clinical Social Worker,Social Worker,CT,16.0,65.0,1018.16,15.664,4.0625,-6.070227344090665,-1.1957924615471025,True
1336393578,Psychiatry,Psychiatry,CA,42.0,275.0,91497.15,332.71690909090904,6.5476190476190474,6.063040193226872,0.5791967070743913,True
1710042171,Licensed Clinical Social Worker,Social Worker,CT,126.0,806.0,12665.9,15.714516129032258,6.396825396825397,-6.057297846734448,-0.5855343382587032,True
1235674003,Licensed Clinical Social Worker,Social Worker,MO,28.0,379.0,5958.2,15.720844327176781,13.535714285714286,-6.055681087928245,0.42196207753437737,True
1225435274,"Psychologist, Clinical",Psychologist,WI,57.0,466.0,4183.08,8.97656652360515,8.175438596491228,-6.050236440964364,-0.3154599468711848,True
1629372909,"Psychologist, Clinical",Psychologist,MN,12.0,12.0,107.72,8.976666666666667,1.0,-6.050206195134071,-3.1101939487901893,True
1396364378,Psychiatry,Psychiatry,CA,26.0,700.0,11122.27,15.888957142857144,26.923076923076923,-6.038722808883337,2.489516057274915,True
1558342402,Psychiatry,Psychiatry,PA,18.0,25.0,397.44,15.8976,1.3888888888888888,-6.036559190147811,-1.5158406269003943,True
1508066135,Licensed Clinical Social Worker,Social Worker,CA,17.0,54.0,854.01,15.815,3.176470588235294,-6.031702316753231,-1.526495994006734,True
1235577404,"Psychologist, Clinical",Psychologist,MN,26.0,253.0,2294.15,9.067786561264823,9.73076923076923,-6.02282448983185,-0.08381035539375489,True
1346261153,Licensed Clinical Social Worker,Social Worker,CT,11.0,40.0,634.49,15.86225,3.6363636363636362,-6.019722828454794,-1.344745936199513,True
1548584535,Licensed Clinical Social Worker,Social Worker,CA,23.0,88.0,1401.65,15.92784090909091,3.8260869565217392,-6.00315230981848,-1.2763835188303836,True
1720268048,Licensed Clinical Social Worker,Social Worker,CT,11.0,88.0,1402.76,15.940454545454545,8.0,-5.999973495948923,-0.2849242964594186,True
1790990224,Licensed Clinical Social Worker,Social Worker,OR,81.0,775.0,12392.43,15.990232258064516,9.567901234567902,-5.987453314219753,-0.04435484912535534,True
1699971200,Psychiatry,Psychiatry,NJ,93.0,1053.0,343644.72,326.3482621082621,11.32258064516129,5.9861449964982185,1.319199743322633,True
1235592718,Psychiatry,Psychiatry,CA,30.0,82.0,26685.81,325.43670731707317,2.7333333333333334,5.975016266661312,-0.6011108894827131,True
1871216846,Licensed Clinical Social Worker,Social Worker,CA,20.0,49.0,790.04,16.12326530612245,2.45,-5.954182914192996,-1.8755539588298722,True
1720413842,Licensed Clinical Social Worker,Social Worker,AR,27.0,493.0,7995.75,16.218559837728193,18.25925925925926,-5.930518905477496,0.8243270948421988,True
1013295237,Psychiatry,Psychiatry,WI,88.0,3455.0,56416.16,16.32884515195369,39.26136363636363,-5.930070219636533,2.9992342822840126,True
1831578723,Psychiatry,Psychiatry,CA,22.0,131.0,42118.28,321.5135877862595,5.954545454545454,5.926762321302103,0.45091280170395576,True
1033239454,Licensed Clinical Social Worker,Social Worker,OH,13.0,13.0,212.22,16.324615384615385,1.0,-5.90434559809988,-3.0800496326330995,True
1205491198,Licensed Clinical Social Worker,Social Worker,NJ,18.0,36.0,587.84,16.32888888888889,2.0,-5.903294512818407,-2.1483411872418725,True
1649284688,Psychiatry,Psychiatry,CA,14.0,141.0,44982.15,319.0223404255319,10.071428571428571,5.895813620236054,1.1609888178567782,True
1437377900,"Psychologist, Clinical",Psychologist,WI,55.0,854.0,8186.78,9.586393442622951,15.527272727272727,-5.872038373007698,0.5377554784694171,True
1811150873,Psychiatry,Psychiatry,WA,80.0,4131.0,68533.34,16.590012103606874,51.6375,-5.866938232279433,3.3694498999084317,True
1023609427,Licensed Clinical Social Worker,Social Worker,NY,16.0,55.0,910.72,16.558545454545456,3.4375,-5.847210441077355,-1.4203417432624776,True
1346727971,"Psychologist, Clinical",Psychologist,OR,36.0,233.0,2261.96,9.707982832618026,6.472222222222222,-5.837867348209835,-0.626192748363875,True
1477788750,Psychiatry,Psychiatry,CA,13.0,78.0,24511.72,314.2528205128205,6.0,5.83588182271739,0.4611874993749536,True
1841744356,Licensed Professional Counselor,Counselor / MFT,OK,34.0,77.0,1004.29,13.042727272727273,2.264705882352941,-5.831497907340607,-1.0569800781866847,True
1720092802,Psychiatry,Psychiatry,CO,22.0,72.0,1205.52,16.743333333333332,3.272727272727273,-5.830337200093427,-0.357772423925814,True
1982022752,Psychiatry,Psychiatry,WI,38.0,889.0,14920.14,16.783059617547806,23.394736842105264,-5.820908361592373,2.299721083392248,True
1225094402,Psychiatry,Psychiatry,GA,30.0,104.0,1749.91,16.826057692307693,3.466666666666667,-5.810728098066537,-0.2799888626274348,True
1518573906,Licensed Clinical Social Worker,Social Worker,NC,11.0,20.0,335.02,16.750999999999998,1.8181818181818181,-5.800807243941684,-2.27645438159074,True
1629464177,Psychiatry,Psychiatry,WI,12.0,35.0,10873.3,310.6657142857143,2.9166666666666665,5.790205358154579,-0.5133970369416652,True
1790030740,Licensed Clinical Social Worker,Social Worker,NC,23.0,112.0,1894.47,16.914910714285714,4.869565217391305,-5.7617047901018426,-0.9522204386852692,True
1235254483,Psychiatry,Psychiatry,TX,33.0,127.0,2163.43,17.034881889763778,3.8484848484848486,-5.761653788116192,-0.13881612180808098,True
1669562591,Licensed Clinical Social Worker,Social Worker,MO,92.0,381.0,6457.02,16.947559055118113,4.141304347826087,-5.753961487621136,-1.169967908732062,True
1396723912,Licensed Clinical Social Worker,Social Worker,MO,34.0,64.0,1088.35,17.00546875,1.8823529411764706,-5.740263499239011,-2.229831055092726,True
1518340231,Psychiatry,Psychiatry,IL,282.0,3348.0,57583.11,17.199256272401435,11.872340425531915,-5.723446610921022,1.3832593278013514,True
1588836944,"Psychologist, Clinical",Psychologist,VA,292.0,439.0,4450.34,10.13744874715262,1.5034246575342465,-5.720506488950814,-2.5678485657737027,True
1164626875,Psychiatry,Psychiatry,SC,56.0,176.0,3032.38,17.22943181818182,3.142857142857143,-5.716472294449918,-0.412480959528054,True
1538533344,"Psychologist, Clinical",Psychologist,NY,6093.0,6508.0,66090.67,10.15529655808236,1.0681109469883472,-5.7157374421686935,-3.022551031481737,True
1811329691,Psychiatry,Psychiatry,WI,120.0,3673.0,63408.8,17.263490334876124,30.608333333333334,-5.708615185738771,2.6628487401953667,True
1750066221,Licensed Clinical Social Worker,Social Worker,CT,12.0,91.0,1562.27,17.167802197802196,7.583333333333333,-5.702112287679545,-0.3568222438209664,True
1710924469,Psychiatry,Psychiatry,MA,42.0,740.0,224754.88,303.7228108108108,17.61904761904762,5.700279746854148,1.9166384117976898,True
1518305341,"Psychologist, Clinical",Psychologist,MN,65.0,372.0,3799.46,10.213602150537634,5.723076923076923,-5.700216032240954,-0.7898131363353054,True
1366502072,"Psychologist, Clinical",Psychologist,MN,65.0,706.0,7226.9,10.236402266288952,10.861538461538462,-5.694170547291902,0.062415004886624534,True
1316409733,Psychiatry,Psychiatry,OK,16.0,249.0,4316.22,17.33421686746988,15.5625,-5.692348370551781,1.7489427375643924,True
1043693765,Licensed Clinical Social Worker,Social Worker,NC,45.0,354.0,6100.85,17.2340395480226,7.866666666666666,-5.686648873148526,-0.3075159400774621,True
1164873592,Psychiatry,Psychiatry,GA,64.0,170.0,51446.98,302.6292941176471,2.65625,5.6859292189367725,-0.639761612081437,True
1730377995,Psychiatry,Psychiatry,OR,42.0,204.0,3544.07,17.372892156862747,4.857142857142857,-5.683481258609872,0.175684352847205,True
1871614891,Psychiatry,Psychiatry,WA,29.0,63.0,1094.96,17.38031746031746,2.1724137931034484,-5.681781112785559,-0.9114392774926761,True
1407143399,Psychiatry,Psychiatry,CA,30.0,694.0,209618.26,302.04360230547553,23.133333333333333,5.678221681096901,2.2845392699763467,True
1275683716,Licensed Clinical Social Worker,Social Worker,OH,12.0,12.0,207.25,17.270833333333332,1.0,-5.678084850491365,-3.0800496326330995,True
1578592572,Psychiatry,Psychiatry,WI,72.0,1191.0,20807.48,17.470596137699413,16.541666666666668,-5.6611682234660226,1.831385520901362,True
1780673525,Psychiatry,Psychiatry,MI,96.0,762.0,13324.11,17.485708661417323,7.9375,-5.657728065504911,0.8392823728806637,True
1942730056,Licensed Clinical Social Worker,Social Worker,CT,11.0,153.0,2664.75,17.416666666666668,13.909090909090908,-5.644319600789465,0.4585382565454499,True
1932235363,Psychiatry,Psychiatry,KY,28.0,135.0,40427.64,299.464,4.821428571428571,5.644096011810977,0.16571297007982588,True
1730162397,Licensed Professional Counselor,Counselor / MFT,MO,17.0,40.0,550.45,13.76125,2.3529411764705883,-5.641537812974886,-1.008171912363457,True
1417371287,Psychiatry,Psychiatry,CA,34.0,208.0,62047.91,298.3072596153846,6.117647058823529,5.628697870922753,0.4874235903804816,True
1619948783,Neuropsychiatry,Psychiatry,NY,549.0,47250.0,452380.46,9.57418962962963,86.06557377049181,-5.6251174762323295,4.52666101529964,True
1639603640,Addiction Medicine,Psychiatry,TN,24.0,48.0,544.27,11.338958333333332,2.0,-5.623455951940696,-0.7731807812644238,True
1285017350,Licensed Clinical Social Worker,Social Worker,RI,23.0,183.0,3204.33,17.509999999999998,7.956521739130435,-5.622857893081285,-0.2922494979871553,True
1306880109,Psychiatry,Psychiatry,IN,38.0,298.0,5301.51,17.79030201342282,7.842105263157895,-5.589018274464709,0.8229459759280463,True
1659814549,Licensed Professional Counselor,Counselor / MFT,MO,29.0,78.0,1092.34,14.004358974358974,2.689655172413793,-5.579504934322113,-0.8373782682047001,True
1215470869,Licensed Professional Counselor,Counselor / MFT,MO,28.0,66.0,924.66,14.01,2.357142857142857,-5.578078359880368,-1.0058936039080009,True
1447237821,"Psychologist, Clinical",Psychologist,FL,57.0,341.0,3644.07,10.68642228739003,5.982456140350878,-5.577525628439001,-0.7308566322692769,True
1497827703,Psychiatry,Psychiatry,OH,39.0,454.0,8112.34,17.868590308370045,11.64102564102564,-5.57154812730294,1.3566750231988385,True
1003970849,Psychiatry,Psychiatry,MO,14.0,59.0,1055.28,17.886101694915254,4.214285714285714,-5.567650911924911,-0.016133971686891724,True
1003905670,Psychiatry,Psychiatry,NC,50.0,370.0,6638.17,17.941,7.4,-5.555457802277769,0.7445443130724758,True
1649397365,Licensed Clinical Social Worker,Social Worker,NY,22.0,447.0,7967.42,17.82420581655481,20.318181818181817,-5.551438864552107,0.967943493405246,True
1942521786,Psychiatry,Psychiatry,CA,43.0,473.0,138339.11,292.47169133192386,11.0,5.550094866435082,1.2801474226757217,True
1053868943,Licensed Clinical Social Worker,Social Worker,NE,16.0,48.0,857.65,17.867708333333333,3.0,-5.541650089163853,-1.6033266850827994,True
1467633909,Marriage and Family Therapist,Counselor / MFT,CA,22.0,55.0,841.15,15.293636363636363,2.5,-5.539560988033814,-0.8718969172603692,True
1740637164,Licensed Clinical Social Worker,Social Worker,OR,11.0,36.0,645.63,17.934166666666666,3.272727272727273,-5.5267418010437925,-1.4863685020878579,True
1841631207,Licensed Clinical Social Worker,Social Worker,MA,56.0,1221.0,21901.63,17.937452907452908,21.803571428571427,-5.526006048110282,1.0627850406178765,True
1316051253,Psychiatry,Psychiatry,FL,181.0,317.0,92102.1,290.5429022082019,1.7513812154696133,5.523769538706643,-1.2025158597172212,True
1386740074,Psychiatry,Psychiatry,MO,39.0,120.0,2171.62,18.096833333333333,3.076923076923077,-5.5210488638315915,-0.4411276064495315,True
1639321771,Psychiatry,Psychiatry,CA,17.0,140.0,2536.65,18.118928571428572,8.235294117647058,-5.516194101284507,0.8890449488721243,True
1255320909,Psychiatry,Psychiatry,NY,25.0,91.0,1652.22,18.156263736263735,3.64,-5.508004261942633,-0.2140676798319777,True
1912403460,Psychiatry,Psychiatry,CA,15.0,148.0,42664.38,288.2728378378378,9.866666666666667,5.492561466235654,1.1332362309601232,True
1467744227,Psychiatry,Psychiatry,TX,359.0,6745.0,122987.11,18.233819125277982,18.788300835654596,-5.491045409046255,2.003452780513178,True
1467454322,Addiction Medicine,Psychiatry,FL,101.0,5747.0,68099.28,11.849535409779016,56.9009900990099,-5.488216207594522,3.0754813519723565,True
1083670665,Addiction Medicine,Psychiatry,WI,61.0,1394.0,16534.33,11.86106886657102,22.852459016393443,-5.485229021536373,2.026860124169804,True
1366420895,"Psychologist, Clinical",Psychologist,MN,33.0,249.0,2766.4,11.110040160642571,7.545454545454546,-5.472128137836865,-0.42211995678321984,True
1275570863,Licensed Professional Counselor,Counselor / MFT,MO,14.0,238.0,3439.58,14.452016806722689,17.0,-5.468044821442806,1.5171391962693348,True
1407274848,Licensed Clinical Social Worker,Social Worker,MI,32.0,501.0,9143.76,18.251017964071856,15.65625,-5.4564152366373735,0.6175907355305948,True
1912247933,Licensed Clinical Social Worker,Social Worker,AR,32.0,162.0,2958.4,18.26172839506173,5.0625,-5.454059395157252,-0.8999916239968077,True
1427379726,Psychiatry,Psychiatry,GA,3799.0,9053.0,166634.63,18.406564674693474,2.3829955251381945,-5.45352937250581,-0.7864347820635202,True
1700841251,Psychiatry,Psychiatry,TX,81.0,651.0,12015.0,18.456221198156683,8.037037037037036,-5.442810347127436,0.8561201499860605,True
1336697085,"Psychologist, Clinical",Psychologist,IA,39.0,699.0,7861.98,11.247467811158797,17.923076923076923,-5.438797508343594,0.7286140107825073,True
1205028149,Psychiatry,Psychiatry,PA,45.0,997.0,282068.89,282.9176429287864,22.155555555555555,5.417955437046872,2.2261895608446887,True
1902851983,Psychiatry,Psychiatry,PA,30.0,100.0,1858.58,18.5858,3.3333333333333335,-5.4149742761693735,-0.33298060481889624,True
1942203112,Psychiatry,Psychiatry,NY,233.0,14934.0,277698.51,18.59505222981117,64.09442060085837,-5.412994145001616,3.661438501145934,True
1659469427,Psychiatry,Psychiatry,NC,48.0,229.0,64684.3,282.46419213973803,4.770833333333333,5.411573459331415,0.151459672552791,True
1548473218,Psychiatry,Psychiatry,CA,30.0,142.0,2642.04,18.605915492957745,4.733333333333333,-5.410670483010865,0.14079758645386903,True
1770717506,Psychiatry,Psychiatry,WA,26.0,380.0,107116.41,281.8852894736842,14.615384615384615,5.403410935712533,1.664106879569204,True
1407230378,Psychiatry,Psychiatry,PA,70.0,328.0,6114.13,18.64064024390244,4.685714285714286,-5.40325191596639,0.1271360319156803,True
1790819175,Psychiatry,Psychiatry,CA,66.0,1359.0,25359.43,18.660360559234732,20.59090909090909,-5.399045034352045,2.127235688640233,True
1851602924,Psychiatry,Psychiatry,MN,20.0,1062.0,19821.85,18.664642184557437,53.1,-5.398132234221957,3.4071849218740065,True
1407863541,Licensed Clinical Social Worker,Social Worker,AL,16.0,177.0,3285.24,18.560677966101693,11.0625,-5.388854693050759,0.1507477436647211,True
1255313466,Psychiatry,Psychiatry,MA,37.0,658.0,184547.08,280.46668693009116,17.783783783783782,5.383337564820573,1.929212508494887,True
1174667380,Licensed Professional Counselor,Counselor / MFT,AR,11.0,87.0,1289.82,14.825517241379309,7.909090909090909,-5.37765964143497,0.5399846255900463,True
1518278118,Addiction Medicine,Psychiatry,WV,11.0,71.0,876.85,12.35,6.454545454545454,-5.361195764962834,0.573597478088318,True
1013021492,Psychiatry,Psychiatry,GA,47.0,240.0,4531.78,18.882416666666664,5.1063829787234045,-5.351978928185483,0.24329548737329681,True
1285724906,Psychiatry,Psychiatry,IL,146.0,772.0,14586.34,18.894222797927462,5.287671232876712,-5.349492069086296,0.2904313479614321,True
1780039800,Psychiatry,Psychiatry,NY,40.0,570.0,10778.7,18.91,14.25,-5.3461711631187,1.6298995782304169,True
1295209740,Marriage and Family Therapist,Counselor / MFT,CA,33.0,104.0,1680.1,16.154807692307692,3.1515151515151514,-5.342315675752624,-0.597494678775745,True
1801906078,Licensed Clinical Social Worker,Social Worker,NY,36.0,349.0,6571.87,18.830573065902577,9.694444444444445,-5.330882977701183,-0.026693637734047898,True
1215482021,Licensed Clinical Social Worker,Social Worker,IL,27.0,603.0,11371.11,18.85756218905473,22.333333333333332,-5.325131654097821,1.0950539490625384,True
1841317708,Marriage and Family Therapist,Counselor / MFT,CA,38.0,218.0,3542.86,16.25165137614679,5.7368421052631575,-5.320795356149429,0.11226008858224429,True
1932359668,Licensed Clinical Social Worker,Social Worker,CT,13.0,99.0,1870.2,18.89090909090909,7.615384615384615,-5.318036859271566,-0.35115301924787456,True
1629180013,"Psychologist, Clinical",Psychologist,AZ,68.0,732.0,8634.74,11.796092896174864,10.764705882352942,-5.309676927971807,0.05050368344658835,True
1720179534,Psychiatry,Psychiatry,VA,36.0,160.0,3056.39,19.1024375,4.444444444444445,-5.305886978579526,0.05571131306875119,True
1962590828,Psychiatry,Psychiatry,NC,66.0,691.0,13218.91,19.13011577424023,10.469696969696969,-5.300126313041357,1.2133885114877168,True
1659770170,Licensed Clinical Social Worker,Social Worker,WA,16.0,185.0,3511.48,18.980972972972975,11.5625,-5.298937526394247,0.21016829802795475,True
1396941894,Psychiatry,Psychiatry,CO,27.0,253.0,69423.46,274.40102766798424,9.37037037037037,5.2963468830597975,1.0635058653977452,True
1265926596,Licensed Clinical Social Worker,Social Worker,NY,17.0,349.0,6632.04,19.00297994269341,20.529411764705884,-5.2942844118839565,0.981845498733245,True
1588724124,Psychiatry,Psychiatry,LA,54.0,224.0,4295.8,19.177678571428572,4.148148148148148,-5.290246531468957,-0.037506075523768806,True
1326152471,Psychiatry,Psychiatry,TX,38.0,289.0,5546.47,19.191937716262977,7.605263157894737,-5.28728938440258,0.781511566820624,True
1912039108,Psychiatry,Psychiatry,SC,159.0,1528.0,29388.38,19.233232984293195,9.61006289308176,-5.278737702649857,1.0976325548168446,True
1568632826,Licensed Clinical Social Worker,Social Worker,IN,23.0,61.0,1164.72,19.09377049180328,2.652173913043478,-5.27514462327638,-1.7689724455374556,True
1497850663,Psychiatry,Psychiatry,IN,85.0,534.0,10288.27,19.266423220973785,6.2823529411764705,-5.271877759998582,0.5233187323291411,True
1003270851,Licensed Professional Counselor,Counselor / MFT,MO,20.0,180.0,2758.1,15.322777777777777,9.0,-5.260796468465971,0.7049869149221586,True
1578994976,"Psychologist, Clinical",Psychologist,WI,33.0,264.0,3172.65,12.017613636363636,8.0,-5.259235515134499,-0.3443137296236746,True
1164434882,Psychiatry,Psychiatry,MS,127.0,551.0,10650.16,19.32878402903811,4.338582677165355,-5.2590205832538945,0.023139745867399412,True
1477747954,Psychiatry,Psychiatry,WI,18.0,552.0,10689.55,19.3651268115942,30.666666666666668,-5.251546764594217,2.6654212456991457,True
1780780452,Licensed Professional Counselor,Counselor / MFT,VT,11.0,248.0,3810.34,15.364274193548388,22.545454545454547,-5.251216309158443,1.8776596159493486,True
1942425236,Psychiatry,Psychiatry,CA,30.0,183.0,49642.83,271.27229508196723,6.1,5.250721411943203,0.4835205075530594,True
1043699929,Psychiatry,Psychiatry,CA,25.0,52.0,1007.29,19.370961538461536,2.08,-5.250348171831815,-0.9701736548724812,True
1609001189,Psychiatry,Psychiatry,IL,13.0,54.0,1046.57,19.380925925925926,4.153846153846154,-5.248302082290673,-0.035651420143328734,True
1114963709,Psychiatry,Psychiatry,WI,59.0,1611.0,31256.11,19.401682184978274,27.305084745762713,-5.244043363230339,2.5085521260699304,True
1952737041,Licensed Clinical Social Worker,Social Worker,ME,11.0,47.0,905.61,19.268297872340426,4.2727272727272725,-5.238606338471895,-1.1279739441868994,True
1093233421,Licensed Clinical Social Worker,Social Worker,CT,20.0,83.0,1602.42,19.306265060240964,4.15,-5.2307015334411195,-1.1671484611252563,True
1710192521,Psychiatry,Psychiatry,NY,37.0,126.0,2453.59,19.47293650793651,3.4054054054054053,-5.229458161461778,-0.30407862080273595,True
1750819454,Marriage and Family Therapist,Counselor / MFT,CA,13.0,67.0,1118.3,16.6910447761194,5.153846153846154,-5.2247386151775945,-0.014715000773206165,True
1467436014,Psychiatry,Psychiatry,TX,67.0,303.0,5913.38,19.516105610561056,4.522388059701493,-5.220647723201597,0.07920088672591394,True
1477198257,Licensed Clinical Social Worker,Social Worker,IN,12.0,69.0,1338.85,19.403623188405795,5.75,-5.210502303251534,-0.728825645706776,True
1982828158,Licensed Clinical Social Worker,Social Worker,TN,15.0,22.0,427.34,19.424545454545452,1.4666666666666666,-5.206174719696271,-2.565242495052078,True
1194781997,Licensed Professional Counselor,Counselor / MFT,AL,14.0,287.0,4466.18,15.561602787456447,20.5,-5.206010844258013,1.7562067536816355,True
1801250592,Psychiatry,Psychiatry,CA,25.0,529.0,141758.72,267.97489603024576,21.16,5.2020632264644675,2.164071082482326,True
1063891638,Licensed Clinical Social Worker,Social Worker,AZ,14.0,340.0,6616.5,19.46029411764706,24.285714285714285,-5.198791203689672,1.2077061876799078,True
1306127246,Marriage and Family Therapist,Counselor / MFT,CA,36.0,101.0,1698.21,16.813960396039604,2.8055555555555554,-5.198320183179944,-0.7352709904749599,True
1396230801,Licensed Clinical Social Worker,Social Worker,CT,13.0,91.0,1771.77,19.47,7.0,-5.196788895370187,-0.4644133425413999,True
1447705975,"Psychologist, Clinical",Psychologist,WI,32.0,230.0,2832.57,12.315521739130435,7.1875,-5.192846953091628,-0.4867657335428006,True
1831188903,Psychiatry,Psychiatry,TX,42.0,100.0,1971.32,19.7132,2.380952380952381,-5.180668516296183,-0.7875937055020009,True
1619262680,Psychiatry,Psychiatry,MI,25.0,68.0,1343.16,19.752352941176472,2.72,-5.172774223651299,-0.6077178279903616,True
1629522131,Licensed Clinical Social Worker,Social Worker,CT,12.0,217.0,4250.66,19.588294930875577,18.083333333333332,-5.172464738975726,0.8113133616393547,True
1114522141,Licensed Clinical Social Worker,Social Worker,NC,32.0,242.0,4755.05,19.64896694214876,7.5625,-5.16004611006199,-0.3605201035223829,True
1619322419,Psychiatry,Psychiatry,MN,86.0,2736.0,54276.93,19.838059210526318,31.813953488372093,-5.155547998220211,2.7150459805068428,True
1942693627,Licensed Clinical Social Worker,Social Worker,MI,14.0,147.0,2895.02,19.694013605442176,10.5,-5.150850529283192,0.08060115961767311,True
1932276425,Psychiatry,Psychiatry,FL,44.0,943.0,249420.63,264.49695652173915,21.431818181818183,5.1500877565381,2.1813167864493597,True
1225285703,Psychiatry,Psychiatry,IL,89.0,2632.0,52334.13,19.883787993920972,29.573033707865168,-5.1463873273045175,2.6163576678887397,True
1205141041,Psychiatry,Psychiatry,TX,72.0,978.0,258344.5,264.15593047034764,13.583333333333334,5.144954607334295,1.5651630655963424,True
1194797191,Psychiatry,Psychiatry,KY,25.0,275.0,5471.57,19.89661818181818,11.0,-5.14382088977179,1.2801474226757217,True
1013933274,Psychiatry,Psychiatry,NE,13.0,145.0,38266.01,263.90351724137935,11.153846153846153,5.141150995343117,1.2989132275709538,True
1013266725,Licensed Clinical Social Worker,Social Worker,NJ,11.0,41.0,810.14,19.75951219512195,3.727272727272727,-5.1375174601113685,-1.3115548386455451,True
1922605575,Licensed Professional Counselor,Counselor / MFT,MO,39.0,544.0,8661.54,15.921948529411766,13.948717948717949,-5.124920023886292,1.2645173935554352,True
1841450855,Psychiatry,Psychiatry,OK,37.0,42.0,839.69,19.992619047619048,1.135135135135135,-5.124670080279959,-1.7884315172416325,True
1003359027,Licensed Professional Counselor,Counselor / MFT,MO,40.0,953.0,15190.86,15.940041972717735,23.825,-5.120896881386997,1.9481520730968565,True
1346014743,"Psychologist, Clinical",Psychologist,TN,37.0,491.0,6217.18,12.662281059063137,13.27027027027027,-5.117565302711355,0.32883315117034584,True
1033399126,Psychiatry,Psychiatry,SC,19.0,42.0,842.8,20.066666666666666,2.210526315789474,-5.109961347045473,-0.8879410116032783,True
1851915185,Licensed Clinical Social Worker,Social Worker,VA,13.0,85.0,1695.42,19.946117647058824,6.538461538461538,-5.099772493902741,-0.5560969046728075,True
1083704852,Licensed Professional Counselor,Counselor / MFT,MO,11.0,19.0,304.71,16.03736842105263,1.7272727272727273,-5.099334040691475,-1.402918609961345,True
1003078460,Psychiatry,Psychiatry,FL,27.0,702.0,183223.5,261.0021367521368,26.0,5.097166993784847,2.4423793153321327,True
1134777261,Licensed Clinical Social Worker,Social Worker,VA,13.0,190.0,3799.3,19.996315789473684,14.615384615384615,-5.089679106102466,0.525117830987802,True
1235232455,Psychiatry,Psychiatry,NH,116.0,1437.0,374032.4,260.28698677800975,12.387931034482758,5.0862504385760285,1.4406970816410414,True
1063846681,Licensed Clinical Social Worker,Social Worker,MA,23.0,174.0,3482.56,20.01471264367816,7.565217391304348,-5.0859863766736755,-0.3600371966899136,True
1659097186,Psychiatry,Psychiatry,MN,71.0,265.0,5350.17,20.18932075471698,3.732394366197183,-5.0857164822040595,-0.18020023919992453,True
1548611684,Psychiatry,Psychiatry,MO,43.0,465.0,9390.32,20.194236559139785,10.813953488372093,-5.084747854458166,1.2571001050797113,True
1508054008,Licensed Clinical Social Worker,Social Worker,IN,11.0,24.0,481.9,20.079166666666666,2.1818181818181817,-5.073075494139809,-2.031383004246931,True
1215485743,Licensed Clinical Social Worker,Social Worker,MO,31.0,883.0,17744.6,20.09580973952435,28.483870967741936,-5.06974842739308,1.422033885809127,True
1225424393,Psychiatry,Psychiatry,TX,19.0,28.0,568.5,20.303571428571427,1.4736842105263157,-5.063264845561113,-1.4357715008789027,True
1700866795,Psychiatry,Psychiatry,NY,25.0,40.0,815.06,20.3765,1.6,-5.048999465579672,-1.3246582714213415,True
1093155095,Licensed Clinical Social Worker,Social Worker,OR,12.0,12.0,242.4,20.2,1.0,-5.048982477147583,-3.0800496326330995,True
1679661102,Psychiatry,Psychiatry,AL,64.0,230.0,4709.01,20.473956521739133,3.59375,-5.03001572911881,-0.2313450193209192,True
1942664842,Psychiatry,Psychiatry,CA,83.0,747.0,191592.79,256.4829852744311,9.0,5.027674651404209,1.0090179886505783,True
1629134762,Licensed Clinical Social Worker,Social Worker,MA,26.0,530.0,10767.84,20.31667924528302,20.384615384615383,-5.025854131272998,0.9723313079571199,True
1821520164,Psychiatry,Psychiatry,WI,232.0,4476.0,91748.44,20.497864164432528,19.29310344827586,-5.025372518094282,2.039275354315973,True
1982677977,Psychiatry,Psychiatry,PA,21.0,26.0,533.79,20.530384615384612,1.2380952380952381,-5.0190652607761495,-1.6711243704738112,True
1639149818,Psychiatry,Psychiatry,OK,84.0,87.0,1789.04,20.56367816091954,1.0357142857142858,-5.012618405196054,-1.9122753524105047,True
1952885378,Licensed Clinical Social Worker,Social Worker,IN,18.0,51.0,1040.26,20.397254901960785,2.8333333333333335,-5.009959701362086,-1.680157376158865,True
1235266941,Licensed Clinical Social Worker,Social Worker,CT,50.0,106.0,2162.37,20.399716981132073,2.12,-5.009475018470417,-2.070017801782847,True
1518223221,Licensed Professional Counselor,Counselor / MFT,NC,35.0,369.0,6071.77,16.454661246612467,10.542857142857143,-5.008341664802429,0.9070376326760125,True
1275685083,Psychiatry,Psychiatry,CA,12.0,179.0,3685.8,20.59106145251397,14.916666666666666,-5.0073238103037205,1.69167565149734,True
1447770052,Psychiatry,Psychiatry,MO,18.0,124.0,2555.24,20.606774193548386,6.888888888888889,-5.004288909835556,0.6478446642211817,True
1194283200,Licensed Clinical Social Worker,Social Worker,MI,11.0,50.0,1022.02,20.4404,4.545454545454546,-5.001474650855411,-1.0448028113842491,True
1659607489,Licensed Clinical Social Worker,Social Worker,CT,24.0,513.0,10488.51,20.44543859649123,21.375,-5.000484912782091,1.0361008659789634,True
1780091512,Psychiatry,Psychiatry,IN,27.0,53.0,1094.99,20.660188679245284,1.962962962962963,-4.993989231401126,-1.0484206413966337,True
1356904007,Psychiatry,Psychiatry,MN,81.0,2013.0,41756.34,20.743338301043217,24.85185185185185,-4.978008729939015,2.381357140986522,True
1558335323,Psychiatry,Psychiatry,IN,51.0,108.0,2241.68,20.756296296296295,2.1176470588235294,-4.975524107304425,-0.9459377363010729,True
1346381423,Psychiatry,Psychiatry,CA,81.0,1230.0,25552.56,20.774439024390244,15.185185185185185,-4.972047946340251,1.7157811021706517,True
1477517027,"Psychologist, Clinical",Psychologist,WI,59.0,521.0,6973.42,13.38468330134357,8.830508474576272,-4.967140074302467,-0.2129376341648692,True
1407291305,Licensed Clinical Social Worker,Social Worker,AR,28.0,1061.0,21893.17,20.634467483506125,37.892857142857146,-4.9635288747561255,1.8056934431348446,True
1770615924,Psychiatry,Psychiatry,GA,78.0,288.0,6007.46,20.859236111111112,3.6923076923076925,-4.955840907878067,-0.1947899915313058,True
1740837673,Licensed Clinical Social Worker,Social Worker,AR,13.0,210.0,4343.83,20.68490476190476,16.153846153846153,-4.953725361290427,0.6596471289446576,True
1871530444,Psychiatry,Psychiatry,SC,58.0,361.0,7563.7,20.95207756232687,6.224137931034483,-4.938171756128749,0.5107403337897702,True
1053475939,Psychiatry,Psychiatry,NY,199.0,1413.0,354256.89,250.71259023354565,7.100502512562814,4.937139817727512,0.688723699511868,True
1952315780,Psychiatry,Psychiatry,SC,59.0,194.0,4066.14,20.959484536082474,3.288135593220339,-4.936765469517715,-0.35142616410170413,True
1821426149,Licensed Clinical Social Worker,Social Worker,CT,21.0,264.0,5489.95,20.79526515151515,12.571428571428571,-4.932357683418308,0.3226210687866942,True
1225371859,Licensed Clinical Social Worker,Social Worker,MN,16.0,108.0,2247.73,20.812314814814815,6.75,-4.929066690259735,-0.5132976807646534,True
1215353131,Licensed Clinical Social Worker,Social Worker,IN,11.0,80.0,1666.67,20.833375,7.2727272727272725,-4.925005290232151,-0.413037490808286,True
1538101381,Psychiatry,Psychiatry,CA,18.0,120.0,2524.77,21.03975,6.666666666666667,-4.921558077087177,0.6035418023443756,True
1427795194,Licensed Clinical Social Worker,Social Worker,IL,18.0,369.0,7720.1,20.92168021680217,20.5,-4.908020446673931,0.9799183713010405,True
1760097083,Licensed Clinical Social Worker,Social Worker,NY,30.0,303.0,6340.41,20.925445544554456,10.1,-4.907297808737423,0.028393776058647038,True
1659381044,Psychiatry,Psychiatry,MS,34.0,96.0,2027.97,21.1246875,2.823529411764706,-4.905528552942192,-0.5572458184134252,True
1699708461,Psychiatry,Psychiatry,MA,25.0,29.0,613.04,21.139310344827585,1.16,-4.902775413599025,-1.7591551260847995,True
1164877643,Licensed Clinical Social Worker,Social Worker,NY,13.0,343.0,7186.12,20.950787172011662,26.384615384615383,-4.902437648865375,1.3191283005888124,True
1598764698,Psychiatry,Psychiatry,AL,11.0,23.0,488.44,21.236521739130435,2.090909090909091,-4.884521055138882,-0.9631058990914381,True
1114001161,Psychiatry,Psychiatry,TX,20.0,50.0,1064.72,21.2944,2.5,-4.873692317653242,-0.721672522706544,True
1912162728,Psychiatry,Psychiatry,OH,86.0,1231.0,26290.7,21.357189277010562,14.313953488372093,-4.861977987574534,1.6359497729758112,True
1063506822,Psychiatry,Psychiatry,NY,47.0,654.0,160871.76,245.98128440366975,13.914893617021276,4.861339289363865,1.5977468531643497,True
1982612164,Psychiatry,Psychiatry,MS,301.0,1003.0,21427.0,21.362911266201397,3.3322259136212624,-4.860912173014207,-0.3334295552242552,True
1992306179,Licensed Clinical Social Worker,Social Worker,CT,26.0,346.0,7327.29,21.177138728323698,13.307692307692308,-4.859285622837502,0.3991253383468595,True
1639602584,Psychiatry,Psychiatry,CA,11.0,78.0,19167.4,245.73589743589744,7.090909090909091,4.857368260665561,0.6868969848680931,True
1235623521,Psychiatry,Psychiatry,CA,18.0,85.0,1817.68,21.384470588235295,4.722222222222222,-4.85689895738194,0.13762222369385813,True
1366524720,Psychiatry,Psychiatry,NC,54.0,378.0,92851.19,245.6380687830688,7.0,4.855784021247087,0.6694629851398325,True
1386680353,Psychiatry,Psychiatry,MN,54.0,868.0,18639.32,21.473870967741934,16.074074074074073,-4.8403003554376856,1.7926425571493323,True
1538597828,Licensed Clinical Social Worker,Social Worker,IL,22.0,152.0,3238.97,21.309013157894736,6.909090909090909,-4.834357005201828,-0.481984457503314,True
1184734667,Psychiatry,Psychiatry,MO,28.0,29.0,623.98,21.516551724137933,1.0357142857142858,-4.832400349560998,-1.9122753524105047,True
1669914735,Licensed Clinical Social Worker,Social Worker,NC,23.0,153.0,3266.22,21.347843137254902,6.6521739130434785,-4.827046253422827,-0.5329209658255154,True
1649922006,Licensed Professional Counselor,Counselor / MFT,CT,13.0,82.0,1421.65,17.337195121951222,6.3076923076923075,-4.823272036070443,0.2510742823379114,True
1629464599,Psychiatry,Psychiatry,MI,124.0,562.0,12134.29,21.59126334519573,4.532258064516129,-4.818609231929368,0.08214645275217472,True
1689634115,Addiction Medicine,Psychiatry,MA,597.0,3648.0,53761.33,14.737206688596492,6.110552763819095,-4.818571318009528,0.5106432765971084,True
1205842440,Psychiatry,Psychiatry,MI,172.0,773.0,16709.68,21.61666235446313,4.494186046511628,-4.81393166200398,0.07074882464091514,True
1649389594,Psychiatry,Psychiatry,AL,27.0,62.0,1346.9,21.7241935483871,2.2962962962962963,-4.794189043442784,-0.8365082322177153,True
1700339603,Licensed Clinical Social Worker,Social Worker,LA,15.0,29.0,624.36,21.529655172413793,1.9333333333333333,-4.79299137003964,-2.193910675070681,True
1720391188,Licensed Clinical Social Worker,Social Worker,AR,41.0,657.0,14194.45,21.604946727549468,16.024390243902438,-4.778972774066265,0.6488316301406721,True
1922369560,Licensed Clinical Social Worker,Social Worker,MA,33.0,59.0,1277.08,21.645423728813558,1.7878787878787878,-4.771456506527754,-2.299046025208784,True
1194755504,Psychiatry,Psychiatry,OH,26.0,600.0,144035.53,240.05921666666666,23.076923076923077,4.764380031462053,2.281240571510036,True
1023179538,"Psychologist, Clinical",Psychologist,NM,27.0,54.0,781.32,14.46888888888889,2.0,-4.755967484344043,-2.1882338757346846,True
1184685877,Psychiatry,Psychiatry,VA,67.0,323.0,7091.54,21.955232198142415,4.82089552238806,-4.752099070418432,0.1655635846816424,True
1972759967,Psychiatry,Psychiatry,WI,33.0,637.0,14010.25,21.994113029827314,19.303030303030305,-4.7450594356155085,2.039970363561123,True
1922597871,Psychiatry,Psychiatry,MO,28.0,91.0,2004.03,22.02230769230769,3.25,-4.739962383024415,-0.3671879061576834,True
1700117405,Psychiatry,Psychiatry,CA,29.0,54.0,1193.01,22.092777777777776,1.8620689655172413,-4.727251230730712,-1.119714763257555,True
1841726197,Psychiatry,Psychiatry,GA,60.0,1111.0,24626.36,22.165940594059407,18.516666666666666,-4.714097199883978,1.9837762684551872,True
1407880446,Psychiatry,Psychiatry,KS,86.0,330.0,7324.95,22.19681818181818,3.8372093023255816,-4.708558704876073,-0.14278052218027007,True
1770212219,Licensed Clinical Social Worker,Social Worker,AR,58.0,178.0,40704.59,228.67747191011233,3.0689655172413794,4.695463880428666,-1.5727760256098364,True
1144833765,Licensed Clinical Social Worker,Social Worker,NY,40.0,945.0,20869.62,22.084253968253968,23.625,-4.6908595849709025,1.170630163935819,True
1588670590,Psychiatry,Psychiatry,DC,27.0,193.0,4306.34,22.312642487046634,7.148148148148148,-4.68785179794048,0.697759647282123,True
1134213945,Licensed Clinical Social Worker,Social Worker,TX,19.0,8088.0,178769.59,22.10306503461919,425.6842105263158,-4.687440582659085,5.057156298645231,True
1558742148,Licensed Clinical Social Worker,Social Worker,NC,14.0,89.0,1967.33,22.104831460674156,6.357142857142857,-4.687119675640062,-0.5938988403823269,True
1457752826,Licensed Clinical Social Worker,Social Worker,IL,14.0,308.0,6818.56,22.13818181818182,22.0,-4.6810657165356835,1.0748404680959402,True
1124101647,Psychiatry,Psychiatry,CA,59.0,223.0,4987.68,22.36627802690583,3.7796610169491527,-4.678299297360008,-0.1631972809847656,True
1326520677,Licensed Clinical Social Worker,Social Worker,MI,27.0,100.0,2218.12,22.1812,3.7037037037037037,-4.673270250244406,-1.3200815533061099,True
1598806044,Licensed Professional Counselor,Counselor / MFT,CT,17.0,90.0,1628.24,18.091555555555555,5.294117647058823,-4.672401040556757,0.02737912183178684,True
1588617856,Neuropsychiatry,Psychiatry,IL,805.0,16874.0,232171.92,13.75915135711746,20.961490683229815,-4.671650492138273,2.6528262948044206,True
1316098643,"Psychologist, Clinical",Psychologist,AR,18.0,140.0,2091.47,14.939071428571427,7.777777777777778,-4.669266121916343,-0.38178401661996797,True
1588980403,Licensed Clinical Social Worker,Social Worker,WI,33.0,224.0,4985.6,22.25714285714286,6.787878787878788,-4.659545226498758,-0.5057757184733771,True
1730517020,Licensed Clinical Social Worker,Social Worker,WA,11.0,57.0,1269.37,22.269649122807017,5.181818181818182,-4.657289482246101,-0.8686784007354683,True
1003828526,Psychiatry,Psychiatry,NY,51.0,1076.0,24210.26,22.500241635687733,21.098039215686274,-4.654540052896856,2.160108935491518,True
1912175746,Psychiatry,Psychiatry,CA,16.0,150.0,3375.5,22.503333333333334,9.375,-4.653993393420569,1.0641732480897512,True
1326380783,Psychiatry,Psychiatry,WV,82.0,830.0,18746.69,22.586373493975902,10.121951219512194,-4.639338652684068,1.1677496585951856,True
1700049665,Licensed Clinical Social Worker,Social Worker,NY,22.0,298.0,6676.69,22.404999999999998,13.545454545454545,-4.63295708723633,0.4229289912461733,True
1164418398,Psychiatry,Psychiatry,AL,23.0,87.0,1968.33,22.62448275862069,3.782608695652174,-4.63263124322884,-0.16214398431672994,True
1285158154,Licensed Clinical Social Worker,Social Worker,CA,38.0,47.0,1054.06,22.426808510638296,1.236842105263158,-4.629050267365861,-2.794330673925458,True
1396876306,Marriage and Family Therapist,Counselor / MFT,CA,31.0,96.0,1894.98,19.739375,3.096774193548387,-4.62075909967702,-0.6182560162840328,True
1093034043,"Psychologist, Clinical",Psychologist,OH,15.0,86.0,1312.44,15.26093023255814,5.733333333333333,-4.611474858539423,-0.7874315650181214,True
1164974721,"Psychologist, Clinical",Psychologist,AZ,34.0,1244.0,18992.06,15.266929260450162,36.588235294117645,-4.610409313402709,1.677828608719991,True
1467564997,Licensed Clinical Social Worker,Social Worker,WV,25.0,229.0,5169.37,22.573668122270742,9.16,-4.602840062935387,-0.10291728931571349,True
1467553958,Psychiatry,Psychiatry,CA,26.0,504.0,116136.22,230.42900793650793,19.384615384615383,4.601482507427627,2.045668879948094,True
1003919010,Licensed Clinical Social Worker,Social Worker,CT,16.0,38.0,858.48,22.591578947368422,2.375,-4.599655170053449,-1.917345029121637,True
1316237852,Psychiatry,Psychiatry,MA,31.0,542.0,12378.58,22.838708487084872,17.483870967741936,-4.595135513965836,1.9062324240341995,True
1457589509,Neuropsychiatry,Psychiatry,VA,21.0,439.0,204766.87,466.43933940774485,20.904761904761905,4.592442657569733,2.649230985535654,True
1790074136,Psychiatry,Psychiatry,MN,26.0,524.0,11991.38,22.884312977099235,20.153846153846153,-4.587198818707317,2.098248130537361,True
1164404679,"Psychologist, Clinical",Psychologist,WI,46.0,1488.0,22915.01,15.399872311827956,32.34782608695652,-4.5869028551263336,1.513986094109609,True
1447873666,Licensed Clinical Social Worker,Social Worker,LA,12.0,37.0,838.82,22.670810810810814,3.0833333333333335,-4.585596428781799,-1.5664977743376094,True
1639100183,Psychiatry,Psychiatry,KS,119.0,384.0,8806.07,22.932473958333333,3.226890756302521,-4.578834362021341,-0.3768293862906566,True
1437633575,Licensed Clinical Social Worker,Social Worker,MN,13.0,61.0,1385.27,22.709344262295083,4.6923076923076925,-4.5787768799335264,-1.002062504881865,True
1801058250,Psychiatry,Psychiatry,FL,40.0,749.0,171492.77,228.96230974632843,18.725,4.576077090399534,1.9988929648822054,True
1164985222,Psychiatry,Psychiatry,MA,48.0,246.0,56297.77,228.85272357723576,5.125,4.574172364078233,0.24821247415031047,True
1407821259,Licensed Clinical Social Worker,Social Worker,KS,11.0,13.0,295.94,22.764615384615386,1.1818181818181819,-4.569015317642794,-2.855500350917725,True
1457321556,Psychiatry,Psychiatry,UT,69.0,942.0,21681.13,23.016061571125267,13.652173913043478,-4.564358727598383,1.5719932539924812,True
1659340735,Psychiatry,Psychiatry,WI,23.0,268.0,6172.57,23.0319776119403,11.652173913043478,-4.561608359644904,1.357968328775233,True
1679008163,Licensed Clinical Social Worker,Social Worker,WA,16.0,85.0,1943.2,22.861176470588237,5.3125,-4.552018172626947,-0.8351997491845281,True
1518420710,Psychiatry,Psychiatry,NC,59.0,285.0,64846.2,227.53052631578947,4.830508474576271,4.551118981841083,0.16825505217026132,True
1063429595,Licensed Clinical Social Worker,Social Worker,AR,13.0,18.0,412.61,22.922777777777778,1.3846153846153846,-4.541212283777237,-2.6426262291944598,True
1962838144,Licensed Clinical Social Worker,Social Worker,CT,11.0,42.0,965.03,22.976904761904763,3.8181818181818183,-4.53174145568069,-1.2791636049376853,True
1639467764,Psychiatry,Psychiatry,MO,11.0,48.0,1115.2,23.233333333333334,4.363636363636363,-4.526976316769442,0.03091949396183346,True
1750393104,Psychiatry,Psychiatry,NE,137.0,1408.0,32742.88,23.254886363636363,10.277372262773723,-4.5232871156205325,1.1883381803622994,True
1003137449,Psychiatry,Psychiatry,MN,92.0,1088.0,245771.48,225.8929044117647,11.826086956521738,4.52237953215893,1.3779852316653556,True
1467506345,Licensed Clinical Social Worker,Social Worker,WI,12.0,144.0,3323.24,23.078055555555554,12.0,-4.514102324689662,0.26009020569965474,True
1154347607,Psychiatry,Psychiatry,WV,125.0,292.0,6813.15,23.332705479452052,2.336,-4.509995330447301,-0.8133466601518474,True
1528518099,Licensed Professional Counselor,Counselor / MFT,PA,19.0,340.0,6449.64,18.969529411764707,17.894736842105264,-4.5045354174083085,1.5826402998021933,True
1780962977,Psychiatry,Psychiatry,TX,121.0,257.0,6022.82,23.43509727626459,2.12396694214876,-4.492573821383666,-0.9419114843766521,True
1922099290,Psychiatry,Psychiatry,FL,26.0,42.0,984.3,23.435714285714283,1.6153846153846154,-4.492469070855467,-1.3117288308173467,True
1942778485,Licensed Professional Counselor,Counselor / MFT,MO,21.0,273.0,5205.53,19.067875457875456,13.0,-4.486218008455543,1.174568352070638,True
1952945867,Licensed Clinical Social Worker,Social Worker,DE,19.0,891.0,20737.73,23.274668911335578,46.89473684210526,-4.4800361036917336,2.092193873220769,True
1518595826,Psychiatry,Psychiatry,CA,55.0,137.0,30586.93,223.26226277372263,2.4909090909090907,4.475774036089933,-0.7265946273577677,True
1376547711,Addiction Medicine,Psychiatry,KY,19.0,68.0,20659.38,303.8144117647059,3.5789473684210527,4.473023785169775,-0.10427138129234056,True
1982751574,Licensed Clinical Social Worker,Social Worker,AR,38.0,459.0,10718.01,23.35078431372549,12.078947368421053,-4.466925174501395,0.2689044743571917,True
1902258882,Licensed Clinical Social Worker,Social Worker,MI,14.0,174.0,4063.14,23.35137931034483,12.428571428571429,-4.466822854366998,0.30725894553593697,True
1790306561,"Psychologist, Clinical",Psychologist,AR,11.0,101.0,1632.25,16.16089108910891,9.181818181818182,-4.456129464735102,-0.16104663158270885,True
1750348421,Addiction Medicine,Psychiatry,SC,21.0,60.0,995.5,16.591666666666665,2.857142857142857,-4.45463444217956,-0.36318870483984,True
1003886888,Psychiatry,Psychiatry,MO,14.0,23.0,544.58,23.67739130434783,1.6428571428571428,-4.451649887604686,-1.2889438687188213,True
1396859161,Licensed Professional Counselor,Counselor / MFT,NC,11.0,61.0,1175.38,19.268524590163935,5.545454545454546,-4.449137389740019,0.08660888246107065,True
1396909586,Licensed Clinical Social Worker,Social Worker,CT,27.0,195.0,4574.12,23.45702564102564,7.222222222222222,-4.448696314204012,-0.4224045750827943,True
1669022471,Licensed Clinical Social Worker,Social Worker,CT,28.0,109.0,2558.75,23.474770642201836,3.892857142857143,-4.445659679988811,-1.2531283181480715,True
1639598907,Psychiatry,Psychiatry,MI,54.0,266.0,6313.24,23.733984962406016,4.925925925925926,-4.442151447470362,0.19468359616842226,True
1710204987,Psychiatry,Psychiatry,CT,26.0,29.0,688.77,23.750689655172412,1.1153846153846154,-4.439352131489872,-1.812146868276261,True
1093930067,Psychiatry,Psychiatry,WI,184.0,994.0,23648.85,23.791599597585513,5.4021739130434785,-4.432504888110417,0.3193770145784986,True
1285769083,Psychiatry,Psychiatry,WA,49.0,794.0,175323.86,220.81090680100755,16.20408163265306,4.4318478863036885,1.803526467259252,True
1932284460,Psychiatry,Psychiatry,WA,82.0,2141.0,472168.8,220.5365716954694,26.109756097560975,4.426901731875981,2.448070896925539,True
1427130061,Psychiatry,Psychiatry,MO,47.0,95.0,2267.28,23.8661052631579,2.021276595744681,-4.42006480137034,-1.0088677373734085,True
1922661354,Licensed Clinical Social Worker,Social Worker,MD,20.0,381.0,9011.38,23.651916010498685,19.05,-4.4154706926615495,0.8813129533789977,True
1477793669,Licensed Clinical Social Worker,Social Worker,CT,16.0,105.0,2483.8,23.655238095238097,6.5625,-4.414906707745114,-0.5511641609582901,True
1194877118,Licensed Clinical Social Worker,Social Worker,LA,18.0,62.0,1466.65,23.655645161290323,3.4444444444444446,-4.414837606251581,-1.417628985220191,True
1881686673,Licensed Clinical Social Worker,Social Worker,NY,35.0,379.0,8970.5,23.6688654353562,10.82857142857143,-4.412594044935729,0.12201895271911364,True
1598316622,Licensed Clinical Social Worker,Social Worker,CT,19.0,241.0,5704.41,23.669751037344398,12.68421052631579,-4.41244379765288,0.33462624969339283,True
1952528598,Psychiatry,Psychiatry,CA,49.0,845.0,185639.51,219.6917278106509,17.244897959183675,4.411630786618688,1.887637730514785,True
1700975984,Psychiatry,Psychiatry,MS,76.0,199.0,4770.38,23.97175879396985,2.6184210526315788,-4.402490429147624,-0.6591418466651915,True
1033328711,Psychiatry,Psychiatry,NJ,36.0,427.0,93517.89,219.0114519906323,11.86111111111111,4.39929174355992,1.3819807855629846,True
1750706412,Licensed Professional Counselor,Counselor / MFT,KY,11.0,14.0,273.98,19.57,1.2727272727272727,-4.394143436223103,-1.7928883961317181,True
1346380276,Licensed Clinical Social Worker,Social Worker,NY,39.0,415.0,9869.81,23.78267469879518,10.64102564102564,-4.393331585492036,0.09853457624914666,True
1184675712,Psychiatry,Psychiatry,KS,95.0,464.0,11168.65,24.070366379310343,4.88421052631579,-4.38615781872891,0.18319289090695276,True
1326021551,"Psychologist, Clinical",Psychologist,AZ,203.0,7174.0,119077.28,16.598449958182325,35.33990147783251,-4.383700132543614,1.631655173882386,True
1346677564,Licensed Clinical Social Worker,Social Worker,NJ,17.0,157.0,3742.98,23.84063694267516,9.235294117647058,-4.383556750903045,-0.09191352438045486,True
1336516897,Licensed Clinical Social Worker,Social Worker,AR,26.0,1001.0,23887.85,23.86398601398601,38.5,-4.3796258437738,1.827059867405186,True
1407000516,"Psychologist, Clinical",Psychologist,AR,19.0,290.0,4827.58,16.646827586206896,15.263157894736842,-4.375809674168216,0.5149360727984312,True
1255800470,Psychiatry,Psychiatry,WV,17.0,35.0,844.95,24.141428571428573,2.0588235294117645,-4.3744290480897785,-0.9839998654544201,True
1710471743,Licensed Clinical Social Worker,Social Worker,NE,14.0,98.0,2344.07,23.919081632653064,7.0,-4.370365505880301,-0.4644133425413999,True
1144315532,Psychiatry,Psychiatry,TX,33.0,106.0,2565.15,24.199528301886794,3.212121212121212,-4.364865347671848,-0.38302766825850476,True
1255714143,"Psychologist, Clinical",Psychologist,TN,18.0,347.0,5799.93,16.71449567723343,19.27777777777778,-4.364811297968435,0.825530845147333,True
1023181377,Licensed Clinical Social Worker,Social Worker,AZ,15.0,170.0,4082.69,24.015823529411765,11.333333333333334,-4.354156853058319,0.18325951462358903,True
1316652217,Licensed Clinical Social Worker,Social Worker,CT,38.0,500.0,12025.03,24.050060000000002,13.157894736842104,-4.348436330062866,0.3839089198661373,True
1700041308,Psychiatry,Psychiatry,MS,38.0,64.0,1555.76,24.30875,1.6842105263157894,-4.346948538125715,-1.2553550687561341,True
1700976198,Psychiatry,Psychiatry,NJ,39.0,744.0,160785.43,216.10944892473117,19.076923076923077,4.346220258447869,2.0240505590294426,True
1124558531,Psychiatry,Psychiatry,MO,42.0,509.0,12379.19,24.320609037328094,12.119047619047619,-4.345008019664623,1.4110477861515272,True
1871151522,Licensed Clinical Social Worker,Social Worker,CT,17.0,198.0,4771.48,24.098383838383835,11.647058823529411,-4.340375812685922,0.2199627137807783,True
1922195999,Psychiatry,Psychiatry,MI,311.0,2294.0,494681.43,215.64142545771577,7.37620578778135,4.337594417355231,0.7401928882726336,True
1043295223,Psychiatry,Psychiatry,MN,87.0,1684.0,41043.28,24.37249406175772,19.35632183908046,-4.3365290785853645,2.0436953667507756,True
1780733360,Psychiatry,Psychiatry,NY,94.0,726.0,156486.53,215.54618457300276,7.723404255319149,4.33583680120564,0.8023386238421377,True
1497967848,Psychiatry,Psychiatry,WA,29.0,503.0,108177.48,215.06457256461232,17.344827586206897,4.3269370166653545,1.8954444947883444,True
1518095926,Licensed Professional Counselor,Counselor / MFT,MO,37.0,236.0,4708.61,19.951737288135593,6.378378378378378,-4.325711455267392,0.2653050794701972,True
1134575228,Licensed Clinical Social Worker,Social Worker,TX,56.0,13504.0,327060.93,24.219559389810428,241.14285714285714,-4.320234346534252,4.293252735270719,True
1720194319,"Psychologist, Clinical",Psychologist,CT,15.0,24.0,408.12,17.005,1.6,-4.318094873841087,-2.4850387256156563,True
1700323144,Licensed Clinical Social Worker,Social Worker,AZ,119.0,953.0,23097.87,24.23700944386149,8.008403361344538,-4.31734215040052,-0.2835130930188041,True
1275746588,Psychiatry,Psychiatry,OH,19.0,227.0,5568.45,24.530616740088107,11.947368421052632,-4.310799891272005,1.3917709245252592,True
1285741728,Psychiatry,Psychiatry,WI,123.0,996.0,24488.38,24.586726907630524,8.097560975609756,-4.301709684491956,0.8662567842377868,True
1992124176,Licensed Clinical Social Worker,Social Worker,NC,11.0,51.0,1241.15,24.336274509803925,4.636363636363637,-4.3009293314628305,-1.0181846910048504,True
1053467738,Psychiatry,Psychiatry,CA,60.0,573.0,122080.77,213.055445026178,9.55,4.289593772908886,1.0891615789027091,True
1114933033,Licensed Clinical Social Worker,Social Worker,UT,32.0,116.0,2832.54,24.41844827586207,3.625,-4.287393014474396,-1.348953048096344,True
1245878883,Licensed Clinical Social Worker,Social Worker,NC,24.0,492.0,12016.62,24.424024390243904,20.5,-4.286476123625241,0.9799183713010405,True
1629082458,Psychiatry,Psychiatry,RI,196.0,1410.0,300155.77,212.87643262411348,7.1938775510204085,4.286249437089753,0.706375717173674,True
1457901365,Licensed Professional Counselor,Counselor / MFT,MN,19.0,105.0,2118.45,20.175714285714285,5.526315789473684,-4.286167200249521,0.08219404124248933,True
1700985751,"Psychologist, Clinical",Psychologist,OH,13.0,181.0,3123.59,17.257403314917127,13.923076923076923,-4.2781489558112895,0.3927068402952174,True
1104318724,"Psychologist, Clinical",Psychologist,WI,49.0,344.0,5954.31,17.30904069767442,7.020408163265306,-4.270048729376309,-0.5180525780259368,True
1215118500,Psychiatry,Psychiatry,TX,52.0,176.0,4362.18,24.785113636363636,3.3846153846153846,-4.269735276267694,-0.31235247539381006,True
1588141154,Licensed Clinical Social Worker,Social Worker,FL,89.0,258.0,6334.3,24.5515503875969,2.898876404494382,-4.265563728620524,-1.6494170685405722,True
1205811072,Psychiatry,Psychiatry,MN,203.0,2775.0,68869.62,24.81788108108108,13.669950738916256,-4.264478716330765,1.5737514306858522,True
1407120793,Licensed Clinical Social Worker,Social Worker,MA,17.0,36.0,886.08,24.613333333333333,2.1176470588235294,-4.255471259526169,-2.0715104961658075,True
1619340106,Licensed Clinical Social Worker,Social Worker,NC,17.0,144.0,3545.64,24.6225,8.470588235294118,-4.2539760097156565,-0.20809360538335286,True
1760677272,Licensed Professional Counselor,Counselor / MFT,AR,17.0,30.0,611.11,20.370333333333335,1.7647058823529411,-4.252161071014986,-1.375539488129558,True
1114403706,Licensed Clinical Social Worker,Social Worker,PA,15.0,69.0,1702.25,24.670289855072465,4.6,-4.246189621456965,-1.02876877052204,True
1205037843,Psychiatry,Psychiatry,CA,80.0,696.0,146596.2,210.62672413793106,8.7,4.243978628131172,0.963213051874768,True
1538361399,Psychiatry,Psychiatry,CA,36.0,187.0,4668.55,24.965508021390374,5.194444444444445,-4.240882122752442,0.2663973547495795,True
1417327628,Licensed Clinical Social Worker,Social Worker,WA,16.0,117.0,2890.25,24.70299145299145,7.3125,-4.240870245920293,-0.4057065820442202,True
1184097974,Licensed Clinical Social Worker,Social Worker,NC,19.0,212.0,5240.44,24.719056603773584,11.157894736842104,-4.238259601715138,0.16228918050989985,True
1164897294,Licensed Clinical Social Worker,Social Worker,NC,22.0,338.0,8363.28,24.743431952662725,15.363636363636363,-4.2343017591238725,0.5922305861354628,True
1538179890,Psychiatry,Psychiatry,OH,131.0,3745.0,93678.63,25.014320427236317,28.587786259541986,-4.233110665367059,2.5705773237425285,True
1780791913,Psychiatry,Psychiatry,TX,21.0,38.0,950.95,25.025000000000002,1.8095238095238095,-4.231412385105098,-1.1583897825246074,True
1750578175,Psychiatry,Psychiatry,MN,71.0,586.0,14699.0,25.08361774744027,8.253521126760564,-4.222103797720193,0.8920320425533809,True
1104385228,Psychiatry,Psychiatry,MA,59.0,304.0,63675.58,209.45914473684212,5.1525423728813555,4.221862130692557,0.25545409570051003,True
1902918311,Psychiatry,Psychiatry,CA,18.0,139.0,3492.1,25.123021582733813,7.722222222222222,-4.215858627047701,0.8021318256122254,True
1053425736,Psychiatry,Psychiatry,MI,50.0,87.0,2186.6,25.133333333333333,1.74,-4.214225919877419,-1.2113246368091748,True
1639367394,Licensed Clinical Social Worker,Social Worker,CA,13.0,60.0,1493.63,24.893833333333337,4.615384615384615,-4.209966895850468,-1.024280715755815,True
1861540908,Licensed Clinical Social Worker,Social Worker,NY,31.0,231.0,5760.4,24.936796536796535,7.451612903225806,-4.203042466447698,-0.38037528216679556,True
1689218943,Licensed Professional Counselor,Counselor / MFT,NJ,11.0,84.0,1735.45,20.660119047619048,7.636363636363637,-4.202123647794303,0.4951733066933504,True
1902901283,Psychiatry,Psychiatry,ME,66.0,227.0,5724.02,25.21594713656388,3.4393939393939394,-4.201169424583027,-0.2906603056345665,True
1831417757,Psychiatry,Psychiatry,CA,70.0,72.0,1816.66,25.23138888888889,1.0285714285714285,-4.198733716496337,-1.9216256750738685,True
1336534213,Licensed Clinical Social Worker,Social Worker,WI,18.0,117.0,2921.24,24.967863247863246,6.5,-4.198042836739297,-0.5640271409711393,True
1528692530,"Psychologist, Clinical",Psychologist,TN,33.0,223.0,3978.82,17.84224215246637,6.757575757575758,-4.187792124997277,-0.568805677965463,True
1619069648,Psychiatry,Psychiatry,OK,26.0,32.0,810.25,25.3203125,1.2307692307692308,-4.184736275640742,-1.6791428879702022,True
1699963595,"Psychologist, Clinical",Psychologist,OH,11.0,85.0,1518.88,17.869176470588236,7.7272727272727275,-4.183702473662962,-0.3904492409167487,True
1053782706,Licensed Clinical Social Worker,Social Worker,NY,14.0,20.0,501.68,25.084,1.4285714285714286,-4.179407647327707,-2.600617461735854,True
1356397210,Psychiatry,Psychiatry,IL,198.0,2024.0,51341.86,25.36653162055336,10.222222222222221,-4.177480339940849,1.1810683492602494,True
1639119894,Psychiatry,Psychiatry,AL,39.0,87.0,2206.89,25.36655172413793,2.230769230769231,-4.177477186758237,-0.8756244611129889,True
1063662112,Psychiatry,Psychiatry,MA,31.0,453.0,93831.58,207.1337306843267,14.612903225806452,4.1774440443096905,1.6638774685435238,True
1023570686,"Psychologist, Clinical",Psychologist,AL,41.0,1472.0,26364.72,17.910815217391306,35.90243902439025,-4.177392247434086,1.6526609634439116,True
1932748241,Licensed Clinical Social Worker,Social Worker,IN,20.0,404.0,10149.5,25.122524752475247,20.2,-4.173245055749329,0.9601022214498742,True
1609411024,Licensed Clinical Social Worker,Social Worker,FL,13.0,66.0,1659.35,25.141666666666666,5.076923076923077,-4.170186543034687,-0.8961675214069476,True
1962839647,"Psychologist, Clinical",Psychologist,CA,91.0,1031.0,18520.38,17.963511154219205,11.32967032967033,-4.16942733499306,0.11854155264378262,True
1326480294,Licensed Clinical Social Worker,Social Worker,FL,11.0,40.0,1006.07,25.15175,3.6363636363636362,-4.168576355001643,-1.344745936199513,True
1477614386,Psychiatry,Psychiatry,OR,11.0,14.0,356.8,25.485714285714288,1.2727272727272727,-4.158830692376253,-1.6338498345998318,True
1831429471,Licensed Clinical Social Worker,Social Worker,CT,18.0,251.0,6328.95,25.214940239043823,13.944444444444445,-4.15850030258496,0.4619504788950046,True
1053300103,Psychiatry,Psychiatry,TX,26.0,86.0,2198.86,25.568139534883723,3.3076923076923075,-4.145983773110374,-0.3434139866444598,True
1730195736,Psychiatry,Psychiatry,WI,34.0,44.0,1125.05,25.56931818181818,1.2941176470588236,-4.145800367981227,-1.6113307094392018,True
1215154117,Psychiatry,Psychiatry,CT,38.0,377.0,9653.55,25.606233421750662,9.921052631578947,-4.140060391436153,1.1406632561706107,True
1902919087,Psychiatry,Psychiatry,WI,71.0,214.0,5483.95,25.625934579439253,3.0140845070422535,-4.137000430279364,-0.4690064829517345,True
1164469474,Neuropsychiatry,Psychiatry,IN,39.0,137.0,2313.97,16.890291970802917,3.5128205128205128,-4.132554956156266,0.2830181117352991,True
1245650266,Psychiatry,Psychiatry,UT,16.0,17.0,436.24,25.661176470588234,1.0625,-4.131532563599574,-1.877776893602108,True
1679306856,"Psychologist, Clinical",Psychologist,AR,15.0,97.0,1770.25,18.25,6.466666666666667,-4.126529688891837,-0.6273349615944748,True
1750764460,Psychiatry,Psychiatry,TX,19.0,42.0,1079.96,25.713333333333335,2.210526315789474,-4.123454062319395,-0.8879410116032783,True
1306370325,Licensed Clinical Social Worker,Social Worker,KY,17.0,41.0,1043.83,25.459268292682925,2.411764705882353,-4.119776916050398,-1.8966968327234943,True
1902242589,Psychiatry,Psychiatry,IN,97.0,1030.0,26521.83,25.749349514563107,10.618556701030927,-4.117885126788887,1.2324635988032342,True
1396032298,Neuropsychiatry,Psychiatry,IL,703.0,14095.0,239440.62,16.987628236963463,20.049786628733997,-4.1174462540177394,2.593830807321709,True
1356518906,Psychiatry,Psychiatry,MN,141.0,1886.0,48585.02,25.76088016967126,13.375886524822695,-4.116103866514107,1.5443694162277992,True
1699137679,Psychiatry,Psychiatry,CA,47.0,492.0,100313.03,203.88827235772357,10.46808510638298,4.114611178115832,1.213180484230151,True
1598716177,Licensed Clinical Social Worker,Social Worker,IN,11.0,106.0,2702.38,25.494150943396228,9.636363636363637,-4.11427872509251,-0.034770980533995875,True
1205948437,"Psychologist, Clinical",Psychologist,ME,41.0,55.0,1009.91,18.362,1.3414634146341464,-4.109942100797328,-2.719460162525196,True
1164445722,Psychiatry,Psychiatry,CA,27.0,177.0,4567.91,25.807401129943504,6.555555555555555,-4.10892537798455,0.5808334319656349,True
1548589856,Psychiatry,Psychiatry,CA,16.0,220.0,44761.21,203.46004545454545,13.75,4.1062460025466505,1.5816402970331203,True
1871044230,Licensed Clinical Social Worker,Social Worker,MN,26.0,149.0,3807.48,25.553557046979865,5.730769230769231,-4.104932448664023,-0.7333287358604288,True
1497719074,"Psychologist, Clinical",Psychologist,WI,45.0,766.0,14094.58,18.40023498694517,17.022222222222222,-4.104302524004578,0.6600211577785826,True
1316156193,Psychiatry,Psychiatry,CA,464.0,1006.0,204501.21,203.2815208747515,2.168103448275862,4.102753422487282,-0.9141227267014718,True
1104104207,Psychiatry,Psychiatry,TX,18.0,112.0,2895.38,25.851607142857144,6.222222222222222,-4.102116081141543,0.5103244137518557,True
1508082652,Psychiatry,Psychiatry,TX,44.0,822.0,21271.57,25.877822384428224,18.681818181818183,-4.098083500215189,1.9957735506018004,True
1104007657,Psychiatry,Psychiatry,CA,63.0,1173.0,30362.69,25.88464620630861,18.61904761904762,-4.097034490321977,1.9912261812837497,True
1609975564,"Psychologist, Clinical",Psychologist,NY,35.0,107.0,1975.2,18.45981308411215,3.057142857142857,-4.095538199928419,-1.623824698531455,True
1972605152,Psychiatry,Psychiatry,TX,20.0,173.0,4496.01,25.98849710982659,8.65,-4.0811037787922455,0.9554256168726545,True
1528280484,"Psychologist, Clinical",Psychologist,GA,29.0,340.0,6310.54,18.560411764705883,11.724137931034482,-4.08080348899704,0.16406421987355616,True
1053053140,"Psychologist, Clinical",Psychologist,TN,36.0,416.0,7732.54,18.587836538461538,11.555555555555555,-4.076800428889337,0.14479965734095324,True
1972631380,Licensed Professional Counselor,Counselor / MFT,MS,12.0,273.0,5844.4,21.408058608058607,22.75,-4.076151184784531,1.889192984819456,True
1649705658,Licensed Clinical Social Worker,Social Worker,CT,30.0,348.0,8962.39,25.75399425287356,11.6,-4.073557511397879,0.2145207178708462,True
1558560755,Psychiatry,Psychiatry,TX,36.0,207.0,5393.47,26.055410628019324,5.75,-4.0708729436791655,0.40368451348495427,True
1831200153,Psychiatry,Psychiatry,CA,22.0,151.0,3941.21,26.100728476821192,6.863636363636363,-4.063958920361604,0.6428827922013365,True
1619213907,Licensed Professional Counselor,Counselor / MFT,WI,27.0,183.0,3936.43,21.51054644808743,6.777777777777778,-4.0592333563479155,0.3428636650095534,True
1598958969,Psychiatry,Psychiatry,HI,58.0,425.0,85437.74,201.02997647058825,7.327586206896552,4.058439948945641,0.7312576497452925,True
1811935497,Licensed Clinical Social Worker,Social Worker,CT,25.0,276.0,7138.03,25.862427536231884,11.04,-4.05668580700848,0.14801105221299612,True
1942308028,Licensed Clinical Social Worker,Social Worker,VT,74.0,294.0,7612.62,25.893265306122448,3.972972972972973,-4.051900514466615,-1.2257458015276446,True
1841682184,Licensed Professional Counselor,Counselor / MFT,AR,20.0,145.0,3125.6,21.555862068965517,7.25,-4.051778719562594,0.4288718323724283,True
1851681944,Licensed Clinical Social Worker,Social Worker,IL,48.0,3360.0,87088.54,25.91920833333333,70.0,-4.047879182137556,2.630655118447546,True
1033196019,Psychiatry,Psychiatry,KY,18.0,69.0,1810.33,26.236666666666665,3.8333333333333335,-4.043290978329848,-0.14414597579067023,True
1376159194,Licensed Clinical Social Worker,Social Worker,MD,18.0,301.0,7815.09,25.96375415282392,16.72222222222222,-4.040983679985685,0.7061290158514727,True
1285653089,Psychiatry,Psychiatry,TX,36.0,48.0,1261.54,26.282083333333333,1.3333333333333333,-4.036409719984283,-1.5709958863395674,True
1831389709,"Psychologist, Clinical",Psychologist,FL,100.0,442.0,8344.59,18.879162895927603,4.42,-4.03463787238402,-1.1334688012239802,True
1366545543,Psychiatry,Psychiatry,MO,46.0,177.0,4654.86,26.29864406779661,3.847826086956522,-4.033903495908653,-0.13904741791966096,True
1902048200,Psychiatry,Psychiatry,OH,177.0,1050.0,27623.13,26.30774285714286,5.932203389830509,-4.03252719936482,0.4458337406003479,True
1558621284,Psychiatry,Psychiatry,SC,39.0,74.0,1947.4,26.31621621621622,1.8974358974358974,-4.03124593432709,-1.0942931999152816,True
1134626955,Licensed Professional Counselor,Counselor / MFT,NC,31.0,168.0,3642.95,21.68422619047619,5.419354838709677,-4.030746969806407,0.05723575719836229,True
1043935356,Licensed Professional Counselor,Counselor / MFT,WV,11.0,126.0,2736.36,21.717142857142857,11.454545454545455,-4.025373812534678,1.012948823790972,True
1356382824,"Psychologist, Clinical",Psychologist,MO,38.0,154.0,2923.36,18.982857142857142,4.052631578947368,-4.019787433616406,-1.2488865325368004,True
1033539234,Licensed Clinical Social Worker,Social Worker,FL,46.0,283.0,7390.5,26.114840989399294,6.1521739130434785,-4.0176838800982715,-0.637952086061368,True
1194205955,"Psychologist, Clinical",Psychologist,KY,17.0,144.0,2737.96,19.01361111111111,8.470588235294118,-4.015398638125182,-0.2682869103887683,True
1528211315,Licensed Clinical Social Worker,Social Worker,MI,26.0,329.0,8601.34,26.143890577507598,12.653846153846153,-4.013219462984797,0.33140461879819827,True
1376562223,Psychiatry,Psychiatry,NC,21.0,90.0,17881.99,198.6887777777778,4.285714285714286,4.0118324719919265,0.006574398691849128,True
1245343086,Psychiatry,Psychiatry,WA,59.0,786.0,155759.56,198.16737913486006,13.322033898305085,4.0013779566725995,1.53891871030169,True
1043828270,Licensed Clinical Social Worker,Social Worker,NJ,17.0,149.0,3907.54,26.22510067114094,8.764705882352942,-4.00076515057039,-0.1622130028317759,True
1104068261,Psychiatry,Psychiatry,CA,184.0,1265.0,250558.65,198.0700790513834,6.875,3.999423956615925,0.6451178898698482,True
1396371803,Marriage and Family Therapist,Counselor / MFT,CA,29.0,81.0,1901.21,23.471728395061728,2.793103448275862,-3.997198527027587,-0.740541498866985,True
1053056911,Licensed Clinical Social Worker,Social Worker,CT,23.0,136.0,3571.02,26.2575,5.913043478260869,-3.9958071756392606,-0.6912415247524345,True
1740337039,Psychiatry,Psychiatry,FL,16.0,94.0,2495.95,26.552659574468084,5.875,-3.9956584885550765,0.43274189645838507,True
1003432733,Licensed Clinical Social Worker,Social Worker,CT,22.0,390.0,10248.86,26.279128205128206,17.727272727272727,-3.992500878259905,0.7845826122302932,True
1043260177,Psychiatry,Psychiatry,MI,67.0,211.0,5607.33,26.575023696682464,3.1492537313432836,-3.992308850484977,-0.4097338567873922,True
1346772845,Licensed Professional Counselor,Counselor / MFT,VA,13.0,165.0,3618.04,21.927515151515152,12.692307692307692,-3.991224822734276,1.1439802656765885,True
1386662609,Psychiatry,Psychiatry,PA,74.0,89.0,2368.17,26.60865168539326,1.2027027027027026,-3.9872774430952633,-1.7103105564577947,True
1740272723,Psychiatry,Psychiatry,FL,32.0,773.0,152605.44,197.41971539456662,24.15625,3.9863385189149443,2.3430001331299297,True
1295396802,"Psychologist, Clinical",Psychologist,MA,11.0,36.0,692.4,19.233333333333334,3.272727272727273,-3.9842478288264838,-1.5331873446183197,True
1417576125,Psychiatry,Psychiatry,FL,22.0,58.0,1545.02,26.638275862068966,2.6363636363636362,-3.9828503499435546,-0.6499149756198496,True
1326247644,Psychiatry,Psychiatry,CA,34.0,370.0,72947.36,197.15502702702702,10.882352941176471,3.9810005932898394,1.2656191511621662,True
1366971889,Psychiatry,Psychiatry,CA,15.0,415.0,81813.99,197.14214457831326,27.666666666666668,3.9807406122718394,2.526326573339688,True
1093977357,Psychiatry,Psychiatry,MA,113.0,1353.0,36077.41,26.664752402069478,11.973451327433628,-3.978897810047416,1.3947173998165803,True
1891140752,Licensed Clinical Social Worker,Social Worker,CT,28.0,327.0,8623.18,26.370581039755354,11.678571428571429,-3.9785505240233237,0.22359462940222882,True
1720169295,Psychiatry,Psychiatry,MO,31.0,71.0,1893.55,26.669718309859153,2.2903225806451615,-3.9781569135491437,-0.8400276825862087,True
1700043049,Psychiatry,Psychiatry,NJ,90.0,1208.0,237914.16,196.94880794701987,13.422222222222222,3.976836838904117,1.5490417590323529,True
1841395266,Psychiatry,Psychiatry,CA,37.0,585.0,114967.72,196.5260170940171,15.81081081081081,3.968286650619296,1.7703305837469634,True
1255382925,Psychiatry,Psychiatry,WI,34.0,89.0,2382.63,26.771123595505617,2.6176470588235294,-3.963057686975837,-0.6595412897523568,True
1194928952,Psychiatry,Psychiatry,PA,72.0,159.0,4257.77,26.778427672955978,2.2083333333333335,-3.961972320468308,-0.8892820700086567,True
1497804454,Psychiatry,Psychiatry,IL,502.0,944.0,184883.58,195.85125,1.8804780876494025,3.9546025151483803,-1.106422711619598,True
1437902582,"Psychologist, Clinical",Psychologist,IL,12.0,49.0,954.52,19.48,4.083333333333333,-3.949698223241035,-1.238847939790392,True
1578016846,Licensed Professional Counselor,Counselor / MFT,CT,16.0,85.0,1890.22,22.237882352941178,5.3125,-3.941437603010156,0.031805440130214635,True
1881771004,Psychiatry,Psychiatry,GA,204.0,1744.0,340378.78,195.17131880733947,8.549019607843137,3.940765880997336,0.9395598503470497,True
1932848934,Licensed Clinical Social Worker,Social Worker,IL,13.0,121.0,3221.63,26.62504132231405,9.307692307692308,-3.939987866915425,-0.08141725901066157,True
1548366156,Licensed Clinical Social Worker,Social Worker,KS,15.0,267.0,7110.39,26.63067415730337,17.8,-3.9391384040236836,0.7900858795028822,True
1093912644,"Psychologist, Clinical",Psychologist,IL,126.0,7730.0,151284.83,19.571129366106078,61.34920634920635,-3.937044659473415,2.3653018250113873,True
1619360138,"Psychologist, Clinical",Psychologist,LA,18.0,52.0,1017.9,19.575,2.888888888888889,-3.9365085165373173,-1.699120488770057,True
1124790928,Licensed Clinical Social Worker,Social Worker,IN,494.0,3616.0,96364.13,26.649372234513276,7.319838056680162,-3.936319917405946,-0.4043583894447161,True
1437730371,Licensed Clinical Social Worker,Social Worker,OH,43.0,56.0,1492.56,26.65285714285714,1.302325581395349,-3.9357948324304046,-2.7249847052524183,True
1699847616,Psychiatry,Psychiatry,GA,26.0,148.0,3991.81,26.97168918918919,5.6923076923076925,-3.933361209576304,0.39005969652361483,True
1699889428,Psychiatry,Psychiatry,WV,62.0,437.0,11787.13,26.972837528604117,7.048387096774194,-3.933191818797848,0.6787703668305886,True
1912926544,Psychiatry,Psychiatry,SC,121.0,761.0,20534.83,26.984007884362683,6.289256198347108,-3.931544463261259,0.5248025684322658,True
1245677483,Licensed Clinical Social Worker,Social Worker,GA,12.0,101.0,2696.9,26.701980198019804,8.416666666666666,-3.928400562564595,-0.2166776012851625,True
1063716009,Psychiatry,Psychiatry,CA,188.0,2396.0,465823.53,194.41716611018364,12.74468085106383,3.9253623389452157,1.4790570298684862,True
1225593825,"Psychologist, Clinical",Psychologist,MN,86.0,273.0,5389.45,19.74157509157509,3.1744186046511627,-3.913535168133185,-1.5737545066464256,True
1356788756,Psychiatry,Psychiatry,TX,15.0,38.0,1031.44,27.143157894736845,2.533333333333333,-3.908147498810531,-0.703776681841503,True
1154673770,Psychiatry,Psychiatry,FL,127.0,4131.0,798655.37,193.33221253933672,32.52755905511811,3.903097064339868,2.745017411484496,True
1679642235,Licensed Clinical Social Worker,Social Worker,MA,11.0,233.0,6262.19,26.876351931330472,21.181818181818183,-3.9022625818809193,1.023897359132155,True
1992180764,Licensed Clinical Social Worker,Social Worker,NC,14.0,35.0,940.9,26.88285714285714,2.5,-3.9012907477237118,-1.8483980624266088,True
1649749706,Licensed Clinical Social Worker,Social Worker,AR,59.0,789.0,21215.48,26.889074778200253,13.372881355932204,-3.90036209526216,0.4056938187443177,True
1104865260,Psychiatry,Psychiatry,TX,131.0,6876.0,187131.42,27.21515706806283,52.48854961832061,-3.8976077889009213,3.391536449120154,True
1700030574,"Psychologist, Clinical",Psychologist,MA,12.0,83.0,1648.59,19.862530120481928,6.916666666666667,-3.8969747082498896,-0.5378544179999766,True
1013143239,Licensed Clinical Social Worker,Social Worker,IN,351.0,4121.0,110912.01,26.913858286823586,11.74074074074074,-3.8966626170533387,0.2307311662704429,True
1447993647,Licensed Clinical Social Worker,Social Worker,CA,20.0,357.0,9613.82,26.929467787114845,17.85,-3.8943343074076333,0.7938563480444902,True
1952730012,Licensed Professional Counselor,Counselor / MFT,MD,52.0,471.0,10617.28,22.5419957537155,9.057692307692308,-3.8933230587680017,0.7131466331040199,True
1104150036,Licensed Professional Counselor,Counselor / MFT,PA,28.0,610.0,13762.26,22.561081967213116,21.785714285714285,-3.8903250653563974,1.8338855889080288,True
1811927395,Psychiatry,Psychiatry,CA,42.0,901.0,24576.38,27.276781354051057,21.452380952380953,-3.8886089452202013,2.1826124942290352,True
1689730574,Licensed Clinical Social Worker,Social Worker,ME,28.0,123.0,3317.1,26.96829268292683,4.392857142857143,-3.8885490423830054,-1.0907034166315865,True
1174062285,Licensed Clinical Social Worker,Social Worker,NJ,12.0,77.0,2076.79,26.9712987012987,6.416666666666667,-3.888101465565776,-0.5813715255363414,True
1477860856,Licensed Clinical Social Worker,Social Worker,TN,34.0,147.0,3966.74,26.984625850340134,4.323529411764706,-3.886117739364682,-1.112086199706389,True
1215964796,Psychiatry,Psychiatry,IA,51.0,127.0,3469.65,27.32007874015748,2.4901960784313726,-3.882298485744759,-0.72698143418334,True
1508391236,Psychiatry,Psychiatry,OK,11.0,66.0,1803.34,27.32333333333333,6.0,-3.881824543109026,0.4611874993749536,True
1457888901,Licensed Professional Counselor,Counselor / MFT,MO,17.0,84.0,1899.9,22.617857142857144,4.9411764705882355,-3.8814219964394714,-0.060724192105343126,True
1891178505,"Psychologist, Clinical",Psychologist,NE,52.0,98.0,1957.95,19.979081632653063,1.8846153846153846,-3.8811122836403924,-2.2672733966546277,True
1093114456,Licensed Clinical Social Worker,Social Worker,TX,21.0,51.0,1378.44,27.02823529411765,2.4285714285714284,-3.87963338017994,-1.8873622733090378,True
1730395138,Licensed Clinical Social Worker,Social Worker,OH,12.0,122.0,3298.14,27.033934426229507,10.166666666666666,-3.8787867400313893,0.03723703922979542,True
1104923994,Psychiatry,Psychiatry,PA,12.0,94.0,2571.62,27.357659574468084,7.833333333333333,-3.8768292981122023,0.8214338143460325,True
1366697187,Licensed Clinical Social Worker,Social Worker,CT,15.0,68.0,1840.02,27.059117647058823,4.533333333333333,-3.8750477576061044,-1.0483920555829016,True
1235374356,Licensed Clinical Social Worker,Social Worker,NY,23.0,362.0,9796.93,27.063342541436466,15.73913043478261,-3.8744208234489035,0.6246876871774315,True
1689722951,Psychiatry,Psychiatry,MO,20.0,167.0,4573.2,27.38443113772455,8.35,-3.8729377781238026,0.9077342105318821,True
1306184312,Licensed Clinical Social Worker,Social Worker,NY,28.0,529.0,14332.25,27.093100189035916,18.892857142857142,-3.8700078418659754,0.8701789419103022,True
1174534978,Psychiatry,Psychiatry,NC,144.0,955.0,26227.79,27.46365445026178,6.631944444444445,-3.8614441086119977,0.5964863490662577,True
1235519612,Psychiatry,Psychiatry,CA,27.0,653.0,124909.78,191.28603369065848,24.185185185185187,3.860763514777257,2.3446175779953164,True
1952722134,Licensed Clinical Social Worker,Social Worker,TN,28.0,112.0,3042.99,27.16955357142857,4.0,-3.858692190286473,-1.2166327418506455,True
1730209172,Psychiatry,Psychiatry,VA,157.0,605.0,115667.54,191.18601652892562,3.8535031847133756,3.858682660289156,-0.1370554448325366,True
1013400621,Marriage and Family Therapist,Counselor / MFT,NC,25.0,87.0,2126.6,24.44367816091954,3.48,-3.8511033356636473,-0.4800181496510828,True
1821103904,Psychiatry,Psychiatry,CA,19.0,267.0,50910.19,190.6748689138577,14.052631578947368,3.848031220852259,1.6110552527827275,True
1700175023,Licensed Clinical Social Worker,Social Worker,SC,45.0,214.0,5834.2,27.262616822429905,4.7555555555555555,-3.8449610502496383,-0.9840653723840973,True
1205029592,Licensed Clinical Social Worker,Social Worker,OH,239.0,3361.0,91906.01,27.34484082118417,14.06276150627615,-3.832868147252342,0.47330750807489025,True
1730845165,"Psychologist, Clinical",Psychologist,MO,47.0,70.0,1424.37,20.348142857142857,1.4893617021276595,-3.8314873968440315,-2.58034887419575,True
1043804446,Licensed Professional Counselor,Counselor / MFT,AR,41.0,243.0,5576.07,22.94679012345679,5.926829268292683,-3.8302769000956474,0.17154259326030352,True
1942571476,Psychiatry,Psychiatry,MO,48.0,168.0,4653.46,27.699166666666667,3.5,-3.8274709060002245,-0.2670594220234395,True
1710527049,Licensed Clinical Social Worker,Social Worker,IN,383.0,3248.0,88966.75,27.391240763546797,8.48041775456919,-3.8260600234313724,-0.20653469404164979,True
1487848313,Psychiatry,Psychiatry,VA,30.0,80.0,2219.02,27.73775,2.6666666666666665,-3.821932718855915,-0.6344734791762953,True
1265415640,Psychiatry,Psychiatry,TX,77.0,1006.0,190254.22,189.11950298210735,13.064935064935066,3.815443546730094,1.5125889411919344,True
1760535959,Psychiatry,Psychiatry,CA,49.0,732.0,138241.49,188.8544945355191,14.938775510204081,3.8098644390565597,1.6936767354316202,True
1124004916,Licensed Clinical Social Worker,Social Worker,NY,15.0,129.0,3547.84,27.50263565891473,8.6,-3.8097623507770804,-0.18771294934611793,True
1194787200,Psychiatry,Psychiatry,TX,84.0,1832.0,345832.17,188.77301855895195,21.80952380952381,3.8081475871611783,2.204920919002104,True
1265552475,Licensed Clinical Social Worker,Social Worker,CT,23.0,263.0,7238.23,27.521787072243345,11.434782608695652,-3.806967047351482,0.19523820379766846,True
1275702136,Psychiatry,Psychiatry,WA,41.0,235.0,44342.62,188.692,5.7317073170731705,3.8064396389780635,0.3993793067648028,True
1396132098,Psychiatry,Psychiatry,ID,60.0,426.0,11864.28,27.85042253521127,7.1,-3.8058038784830246,0.6886280757294936,True
1336124486,Psychiatry,Psychiatry,CA,122.0,3462.0,96421.69,27.851441363373773,28.37704918032787,-3.8056583332140876,2.5605805745114742,True
1386635845,Psychiatry,Psychiatry,MA,246.0,484.0,13480.28,27.85181818181818,1.967479674796748,-3.8056045039524666,-1.0453153395643084,True
1447350541,Psychiatry,Psychiatry,MS,92.0,305.0,8496.34,27.856852459016395,3.3152173913043477,-3.8048854173281765,-0.34034365428104,True
1710976345,Licensed Professional Counselor,Counselor / MFT,MO,29.0,146.0,3375.47,23.119657534246574,5.0344827586206895,-3.8036912373699163,-0.036835080906326395,True
1821150954,Psychiatry,Psychiatry,CA,33.0,463.0,87276.82,188.50285097192227,14.030303030303031,3.8024493414947647,1.60890672583578,True
1285053033,Licensed Clinical Social Worker,Social Worker,MA,46.0,742.0,20454.35,27.566509433962263,16.130434782608695,-3.8004470249598112,0.6576976417955114,True
1790824936,Psychiatry,Psychiatry,FL,71.0,269.0,7514.95,27.93661710037175,3.788732394366197,-3.7935092957978953,-0.1599584189218578,True
1780794222,Psychiatry,Psychiatry,TX,49.0,189.0,5281.24,27.94306878306878,3.857142857142857,-3.792590569971113,-0.13577990427757264,True
1164423836,Psychiatry,Psychiatry,VA,39.0,129.0,3605.37,27.94860465116279,3.3076923076923075,-3.791802426102352,-0.3434139866444598,True
1952460537,Licensed Clinical Social Worker,Social Worker,OR,18.0,89.0,2459.68,27.636853932584266,4.944444444444445,-3.7902129536272486,-0.9317084453912272,True
1588602379,Psychiatry,Psychiatry,WI,178.0,974.0,27241.52,27.96870636550308,5.47191011235955,-3.7889418486142046,0.3367068425250262,True
1982617288,Psychiatry,Psychiatry,MI,117.0,492.0,13769.58,27.986951219512196,4.205128205128205,-3.7863472912118894,-0.019073098868301504,True
1649301003,Licensed Clinical Social Worker,Social Worker,NH,11.0,54.0,1495.62,27.696666666666665,4.909090909090909,-3.7815315664484572,-0.9413539999287849,True
1043527625,Licensed Clinical Social Worker,Social Worker,OH,12.0,55.0,1524.87,27.72490909090909,4.583333333333333,-3.777438896285662,-1.0336478000303233,True
1598761348,Psychiatry,Psychiatry,CO,24.0,535.0,100203.52,187.29629906542056,22.291666666666668,3.7769012426116086,2.234464656444147,True
1215108238,Licensed Clinical Social Worker,Social Worker,MA,14.0,162.0,4496.64,27.75703703703704,11.571428571428571,-3.77278823264867,0.21120586747640058,True
1548726557,Licensed Clinical Social Worker,Social Worker,IN,278.0,2584.0,71769.2,27.774458204334366,9.29496402877698,-3.770268691224984,-0.08325667244871346,True
1124354972,Licensed Clinical Social Worker,Social Worker,IN,664.0,3275.0,90990.81,27.783453435114502,4.932228915662651,-3.768968371933105,-0.9350334049580046,True
1730114117,Psychiatry,Psychiatry,MS,194.0,639.0,17994.15,28.15985915492958,3.2938144329896906,-3.761842100434124,-0.349094704741652,True
1922343664,Licensed Clinical Social Worker,Social Worker,CT,18.0,37.0,1031.62,27.88162162162162,2.0555555555555554,-3.7548048250562682,-2.1115122764966823,True
1225284201,Licensed Professional Counselor,Counselor / MFT,AR,25.0,108.0,2539.74,23.51611111111111,4.32,-3.7434629224933955,-0.23228552002059483,True
1588648638,Addiction Medicine,Psychiatry,TN,12.0,126.0,30180.19,239.52531746031744,10.5,3.742977591295871,1.132925559720965,True
1548827967,Psychiatry,Psychiatry,CA,12.0,48.0,1358.96,28.311666666666667,4.0,-3.740451071991347,-0.08664298990067087,True
1073645065,Psychiatry,Psychiatry,MD,54.0,58.0,1644.42,28.352068965517244,1.0740740740740742,-3.73477735293482,-1.8631384380336027,True
1578729679,"Psychologist, Clinical",Psychologist,ID,17.0,400.0,8436.07,21.090175,23.529411764705884,-3.7343795452840087,1.09061879568497,True
1235434507,Licensed Clinical Social Worker,Social Worker,TX,35.0,999.0,27996.51,28.02453453453453,28.542857142857144,-3.734274473373111,1.4248146009566276,True
1821355348,Psychiatry,Psychiatry,TX,25.0,75.0,2126.92,28.358933333333333,3.0,-3.733814189237944,-0.47533490778831833,True
1083739817,Psychiatry,Psychiatry,NY,22.0,131.0,3718.51,28.385572519083972,5.954545454545454,-3.7300785576502236,0.45091280170395576,True
1760598627,Psychiatry,Psychiatry,CA,22.0,131.0,3721.11,28.405419847328247,5.954545454545454,-3.727297631270536,0.45091280170395576,True
1396056552,Psychiatry,Psychiatry,MI,38.0,111.0,3153.91,28.4136036036036,2.9210526315789473,-3.7261515225839386,-0.5113668093132367,True
1326220856,Licensed Professional Counselor,Counselor / MFT,AR,40.0,417.0,9865.08,23.65726618705036,10.425,-3.7222638004567585,0.8926819300789478,True
1184679383,"Psychologist, Clinical",Psychologist,MA,36.0,166.0,3518.29,21.194518072289156,4.611111111111111,-3.7209991594273246,-1.0771664878995848,True
1235238775,Psychiatry,Psychiatry,GA,69.0,425.0,12093.6,28.455529411764708,6.159420289855072,-3.720285120941917,0.4966180839412566,True
1144098351,Licensed Clinical Social Worker,Social Worker,KY,265.0,1566.0,44043.08,28.124572158365265,5.909433962264151,-3.719965628327613,-0.6920623015239429,True
1346513488,Licensed Clinical Social Worker,Social Worker,GA,25.0,707.0,19890.41,28.133536067892503,28.28,-3.7186859643380075,1.4123784959438561,True
1437647468,Addiction Medicine,Psychiatry,PA,23.0,535.0,11291.75,21.10607476635514,23.26086956521739,-3.7156761931720172,2.0472218550197945,True
1861438681,Psychiatry,Psychiatry,NY,152.0,1492.0,42539.18,28.51151474530831,9.81578947368421,-3.7124649255669713,1.1262512130420987,True
1477632735,Psychiatry,Psychiatry,GA,40.0,108.0,3080.81,28.52601851851852,2.7,-3.7104415003691797,-0.6176892107577404,True
1326702168,Psychiatry,Psychiatry,MA,134.0,518.0,95295.6,183.96833976833977,3.8656716417910446,3.7055711264957107,-0.1327956595911516,True
1013562123,Licensed Clinical Social Worker,Social Worker,AL,57.0,172.0,4858.37,28.246337209302325,3.017543859649123,-3.7026175292343675,-1.5954889302013897,True
1356336192,Psychiatry,Psychiatry,IN,152.0,368.0,10543.08,28.64967391304348,2.4210526315789473,-3.6932319631819666,-0.7650275653705092,True
1891886131,Psychiatry,Psychiatry,VA,45.0,154.0,4414.31,28.664350649350652,3.422222222222222,-3.6911942855651665,-0.29742286235569515,True
1053033282,"Psychologist, Clinical",Psychologist,ID,14.0,163.0,3497.73,21.45846625766871,11.642857142857142,-3.687443782629349,0.1548107750612757,True
1699151928,Licensed Professional Counselor,Counselor / MFT,AR,26.0,330.0,7885.25,23.89469696969697,12.692307692307692,-3.686889388372813,1.1439802656765885,True
1932321635,Psychiatry,Psychiatry,MI,590.0,3500.0,100532.19,28.72348285714286,5.932203389830509,-3.6829950890069405,0.4458337406003479,True
1245207901,Psychiatry,Psychiatry,NJ,16.0,231.0,42244.26,182.87558441558443,14.4375,3.681867773947786,1.647561479828577,True
1396733036,Psychiatry,Psychiatry,CA,11.0,27.0,777.04,28.77925925925926,2.4545454545454546,-3.6752766592375528,-0.7464643418134616,True
1588955520,Psychiatry,Psychiatry,NC,33.0,71.0,12960.66,182.5445070422535,2.1515151515151514,3.674658291692003,-0.9244999517651245,True
1417974379,Licensed Clinical Social Worker,Social Worker,ND,16.0,367.0,10438.91,28.443896457765668,22.9375,-3.6746293606470775,1.1309336342372813,True
1275636680,Psychiatry,Psychiatry,OR,20.0,148.0,4260.47,28.78695945945946,7.4,-3.6742122682336724,0.7445443130724758,True
1760839252,Licensed Clinical Social Worker,Social Worker,TN,15.0,20.0,569.58,28.479000000000003,1.3333333333333333,-3.669676596902789,-2.693355689400946,True
1225013568,Psychiatry,Psychiatry,GA,20.0,59.0,1701.58,28.840338983050845,2.95,-3.6668414884391227,-0.49804327816705946,True
1114203353,Licensed Clinical Social Worker,Social Worker,AR,19.0,67.0,1909.74,28.50358208955224,3.526315789473684,-3.6662119394452466,-1.3860530430723053,True
1891822573,Licensed Clinical Social Worker,Social Worker,AR,57.0,140.0,3997.31,28.552214285714285,2.456140350877193,-3.6593663977413367,-1.8721893233966718,True
1306297866,Licensed Clinical Social Worker,Social Worker,FL,12.0,44.0,1257.2,28.572727272727274,3.6666666666666665,-3.656482454161566,-1.333590924845587,True
1346348422,Psychiatry,Psychiatry,WI,14.0,32.0,925.87,28.9334375,2.2857142857142856,-3.654018794946673,-0.8427489649411742,True
1821335571,Licensed Clinical Social Worker,Social Worker,TX,16.0,130.0,3717.19,28.59376923076923,8.125,-3.653526292381263,-0.2640840161558755,True
1497730014,Psychiatry,Psychiatry,CA,35.0,127.0,3675.16,28.93826771653543,3.6285714285714286,-3.6533546433798847,-0.2183164765172384,True
1295179869,"Psychologist, Clinical",Psychologist,LA,34.0,79.0,1716.76,21.73113924050633,2.323529411764706,-3.6532099154937745,-1.9887974024612718,True
1023002508,Psychiatry,Psychiatry,IA,120.0,922.0,26696.91,28.955433839479394,7.683333333333334,-3.6509952096005924,0.7953104525744356,True
1346530524,Psychiatry,Psychiatry,UT,72.0,879.0,25455.32,28.959408418657564,12.208333333333334,-3.650449114656967,1.4209654932653197,True
1144271768,Psychiatry,Psychiatry,CA,20.0,76.0,2201.87,28.971973684210525,3.8,-3.648723178735283,-0.1559461925658786,True
1871284141,Licensed Clinical Social Worker,Social Worker,TX,166.0,4630.0,132661.25,28.65253779697624,27.89156626506024,-3.6452814686122634,1.393787960587926,True
1265899751,Licensed Clinical Social Worker,Social Worker,NY,25.0,228.0,6535.23,28.66328947368421,9.12,-3.6437749127426575,-0.10879988581063735,True
1750703377,"Psychologist, Clinical",Psychologist,NC,14.0,56.0,1221.82,21.818214285714284,4.0,-3.6423681528897367,-1.2662738026791793,True
1174893325,Licensed Clinical Social Worker,Social Worker,NJ,15.0,211.0,6056.52,28.70388625592417,14.066666666666666,-3.638091465669635,0.47368072604071876,True
1427616275,Licensed Professional Counselor,Counselor / MFT,TX,93.0,24950.0,605100.81,24.252537474949904,268.2795698924731,-3.634233954302327,5.040124254883638,True
1457547572,Licensed Clinical Social Worker,Social Worker,PA,14.0,286.0,8223.18,28.752377622377622,20.428571428571427,-3.631313322342303,0.9752266696662008,True
1205285566,Licensed Clinical Social Worker,Social Worker,AR,19.0,27.0,776.5,28.75925925925926,1.4210526315789473,-3.630352330654688,-2.6077107296673434,True
1184043010,Psychiatry,Psychiatry,WA,11.0,196.0,5705.55,29.109948979591838,17.818181818181817,-3.629820295806439,1.9318233619304879,True
1851556708,Psychiatry,Psychiatry,IN,29.0,129.0,3755.49,29.112325581395346,4.448275862068965,-3.6294954822594367,0.0568755666802106,True
1689177594,Licensed Professional Counselor,Counselor / MFT,NC,11.0,40.0,972.39,24.30975,3.6363636363636362,-3.6258873614380276,-0.45227441356476344,True
1932479151,Licensed Clinical Social Worker,Social Worker,AZ,14.0,14.0,403.13,28.794999999999998,1.0,-3.6253649818716154,-3.0800496326330995,True
1528049251,Psychiatry,Psychiatry,CA,79.0,2665.0,77694.68,29.153726078799245,33.734177215189874,-3.6238414677075625,2.7942301762078325,True
1992109540,Licensed Professional Counselor,Counselor / MFT,MN,32.0,443.0,10778.23,24.330090293453722,13.84375,-3.622924699158921,1.2548713397252234,True
1629140975,Licensed Clinical Social Worker,Social Worker,NY,18.0,188.0,5421.86,28.83968085106383,10.444444444444445,-3.6191388081231017,0.07347026144154041,True
1063632560,Licensed Clinical Social Worker,Social Worker,CT,25.0,48.0,1386.63,28.888125000000002,1.92,-3.6123991171083145,-2.2032129347133274,True
1003803453,Licensed Clinical Social Worker,Social Worker,VA,27.0,371.0,10727.54,28.915202156334235,13.74074074074074,-3.608636986645374,0.4421696768533888,True
1841623907,Licensed Clinical Social Worker,Social Worker,TX,49.0,1341.0,38776.69,28.91624906785981,27.367346938775512,-3.608491598333051,1.3682839615011866,True
1316034390,Psychiatry,Psychiatry,TN,44.0,62.0,1816.36,29.29612903225806,1.4090909090909092,-3.6044547941950373,-1.496329584130506,True
1720424591,Neuropsychiatry,Psychiatry,OR,230.0,3237.0,66865.96,20.656768612913194,14.07391304347826,-3.603268856920087,2.1243241308464467,True
1770076358,Licensed Clinical Social Worker,Social Worker,AR,11.0,73.0,2114.44,28.964931506849315,6.636363636363637,-3.6017367025206903,-0.5361194709723732,True
1063040467,Psychiatry,Psychiatry,NC,32.0,70.0,12534.35,179.06214285714287,2.1875,3.5980248933741765,-0.9020889548293128,True
1225468796,Licensed Clinical Social Worker,Social Worker,ME,420.0,3610.0,104687.71,28.99936565096953,8.595238095238095,-3.596965670025635,-0.18845743629603876,True
1770651408,Psychiatry,Psychiatry,AR,19.0,104.0,3052.61,29.352019230769233,5.473684210526316,-3.5968716666858818,0.3371448293133975,True
1528164829,Psychiatry,Psychiatry,IL,230.0,1257.0,36899.54,29.35524264120923,5.465217391304348,-3.5964347580159624,0.33505327394718737,True
1801051560,Psychiatry,Psychiatry,TX,14.0,78.0,2291.11,29.37320512820513,5.571428571428571,-3.594000958292695,0.36105901524070977,True
1649209594,Psychiatry,Psychiatry,WI,24.0,124.0,3642.56,29.37548387096774,5.166666666666667,-3.593692309912308,0.25915274633353397,True
1245427111,Psychiatry,Psychiatry,WI,58.0,132.0,3878.26,29.380757575757578,2.2758620689655173,-3.5929780953694017,-0.8485853292324118,True
1235188517,Licensed Clinical Social Worker,Social Worker,IN,279.0,2521.0,73234.59,29.049817532725108,9.03584229390681,-3.5899855165739196,-0.12126123783762445,True
1689231375,Licensed Clinical Social Worker,Social Worker,KY,14.0,250.0,7271.06,29.08424,17.857142857142858,-3.585230029394111,0.794394124068355,True
1265968093,Licensed Clinical Social Worker,Social Worker,AR,25.0,1066.0,31016.54,29.096191369606004,42.64,-3.583580255787042,1.964346167941246,True
1508319534,Licensed Professional Counselor,Counselor / MFT,MN,21.0,57.0,1403.35,24.62017543859649,2.7142857142857144,-3.5809398527495246,-0.8257374259664358,True
1477752087,Licensed Clinical Social Worker,Social Worker,AR,18.0,1183.0,34449.26,29.120253592561287,65.72222222222223,-3.5802607479771362,2.5458941910731485,True
1114129921,Psychiatry,Psychiatry,IL,37.0,529.0,94293.97,178.2494706994329,14.297297297297296,3.5799266727902985,1.6343766538665785,True
1982620944,Psychiatry,Psychiatry,OH,64.0,657.0,19406.48,29.538021308980213,10.265625,-3.571738670406634,1.186792941471598,True
1790346526,Licensed Clinical Social Worker,Social Worker,IL,50.0,1754.0,51217.84,29.200592930444696,35.08,-3.5691973557751187,1.702015558301987,True
1578281135,Licensed Clinical Social Worker,Social Worker,TX,111.0,1162.0,33931.74,29.201153184165232,10.468468468468469,-3.569120311118812,0.07655853655929826,True
1639201759,Licensed Professional Counselor,Counselor / MFT,OK,14.0,92.0,2274.0,24.717391304347824,6.571428571428571,-3.566980122316922,0.3033815899319045,True
1639208440,Psychiatry,Psychiatry,WI,61.0,753.0,22275.36,29.58215139442231,12.344262295081966,-3.5657989495638165,1.4359258425370336,True
1679691265,Licensed Clinical Social Worker,Social Worker,CT,23.0,367.0,10727.07,29.22907356948229,15.956521739130435,-3.565282642475175,0.6431265380934117,True
1053806497,Psychiatry,Psychiatry,RI,17.0,78.0,13839.22,177.42589743589744,4.588235294117647,3.561501307564474,0.09873167249283388,True
1912996844,Licensed Clinical Social Worker,Social Worker,IN,371.0,3835.0,112231.98,29.265183833116037,10.336927223719677,-3.5603247045240867,0.05956137819284583,True
1114384690,Licensed Professional Counselor,Counselor / MFT,AR,136.0,2384.0,59064.25,24.775272651006713,17.529411764705884,-3.5586946924969878,1.55630043869963,True
1801234851,Licensed Clinical Social Worker,Social Worker,WI,14.0,135.0,3952.58,29.27837037037037,9.642857142857142,-3.558515718160315,-0.03386550986740837,True
1023232162,Psychiatry,Psychiatry,FL,47.0,124.0,3674.93,29.636532258064516,2.6382978723404253,-3.5584916930582433,-0.6489240579131698,True
1558640094,Psychiatry,Psychiatry,TX,66.0,207.0,6139.14,29.657681159420292,3.1363636363636362,-3.5556534969696862,-0.4152754098158137,True
1942221809,Licensed Professional Counselor,Counselor / MFT,MA,15.0,411.0,10192.24,24.798637469586374,27.4,-3.555355616381677,2.126685150841311,True
1184976086,Psychiatry,Psychiatry,MI,14.0,16.0,474.92,29.6825,1.1428571428571428,-3.5523253727599,-1.7792713721044464,True
1952720161,Psychiatry,Psychiatry,CA,23.0,95.0,16794.65,176.78578947368422,4.130434782608695,3.5471213469919514,-0.04328794723670581,True
1518027416,Licensed Clinical Social Worker,Social Worker,LA,16.0,57.0,1674.28,29.37333333333333,3.5625,-3.5455122975935347,-1.3723305269625639,True
1073559159,Psychiatry,Psychiatry,TX,28.0,67.0,1992.44,29.737910447761195,2.392857142857143,-3.5449050462159386,-0.7808549572061891,True
1851634562,Psychiatry,Psychiatry,OH,17.0,95.0,2825.77,29.74494736842105,5.588235294117647,-3.543963681946468,0.3651286455238121,True
1821503160,Licensed Professional Counselor,Counselor / MFT,VA,40.0,287.0,7145.94,24.898745644599302,7.175,-3.5410846409206744,0.4155927711146807,True
1326482688,Psychiatry,Psychiatry,IL,30.0,212.0,37413.08,176.4767924528302,7.066666666666666,3.540161116148878,0.6822698699604884,True
1619401551,Neuropsychiatry,Psychiatry,PA,372.0,3512.0,74355.63,21.171876423690208,9.440860215053764,-3.5385077420546285,1.594612282552411,True
1083704613,Psychiatry,Psychiatry,TX,49.0,375.0,11171.64,29.79104,7.653061224489796,-3.5378031401304955,0.7899765795294157,True
1922090455,Psychiatry,Psychiatry,VA,11.0,48.0,1431.34,29.81958333333333,4.363636363636363,-3.5339929386735123,0.03091949396183346,True
1164445961,Psychiatry,Psychiatry,NC,55.0,315.0,55466.01,176.08257142857144,5.7272727272727275,3.53126348109952,0.3983335511146893,True
1891045456,Licensed Clinical Social Worker,Social Worker,MI,24.0,146.0,4304.4,29.482191780821914,6.083333333333333,-3.530657764781518,-0.6530776539673151,True
1730516337,"Psychologist, Clinical",Psychologist,MN,81.0,340.0,7731.84,22.74070588235294,4.197530864197531,-3.5300946848556674,-1.2021598387768246,True
1790944510,Psychiatry,Psychiatry,TX,23.0,79.0,2361.5,29.89240506329114,3.4347826086956523,-3.5242885864007825,-0.2924730157536155,True
1316353527,Psychiatry,Psychiatry,IL,33.0,253.0,44452.99,175.70351778656126,7.666666666666667,3.5226893709349305,0.7923764313726019,True
1568617355,Psychiatry,Psychiatry,TX,42.0,304.0,53413.3,175.70164473684213,7.238095238095238,3.5226469570506014,0.7146550318019369,True
1861611345,Psychiatry,Psychiatry,IL,38.0,1402.0,246258.36,175.6479029957204,36.89473684210526,3.521429820746437,2.915232665157005,True
1982081550,"Psychologist, Clinical",Psychologist,CO,21.0,65.0,1483.34,22.820615384615383,3.0952380952380953,-3.5205844798360357,-1.6073525719114268,True
1447997648,Licensed Clinical Social Worker,Social Worker,FL,11.0,42.0,1241.78,29.566190476190474,3.8181818181818183,-3.5192329692884905,-1.2791636049376853,True
1902911381,Psychiatry,Psychiatry,CA,178.0,379.0,66519.88,175.51419525065964,2.1292134831460676,3.518400007711397,-0.9385781245881545,True
1720201742,Licensed Clinical Social Worker,Social Worker,MI,11.0,31.0,917.68,29.60258064516129,2.8181818181818183,-3.514293558087528,-1.6873647454574034,True
1093268781,Neuropsychiatry,Psychiatry,SC,640.0,5944.0,127066.95,21.377346904441453,9.2875,-3.513113854139871,1.5728843047853232,True
1104226216,"Psychologist, Clinical",Psychologist,FL,20.0,176.0,4028.95,22.891761363636363,8.8,-3.512145222558733,-0.21754097082179485,True
1548792013,Licensed Clinical Social Worker,Social Worker,OH,27.0,556.0,16470.96,29.624028776978417,20.59259259259259,-3.511385144112092,0.9859759351974279,True
1619191012,Psychiatry,Psychiatry,CO,1610.0,9294.0,278906.98,30.009358726059823,5.772670807453416,-3.5087524992541126,0.4090011516134776,True
1356857551,Licensed Professional Counselor,Counselor / MFT,MO,24.0,140.0,3526.23,25.18735714285714,5.833333333333333,-3.5002603881348113,0.15123742596643588,True
1972059046,Licensed Clinical Social Worker,Social Worker,GA,33.0,4959.0,167306.2,33.73789070377092,150.27272727272728,-2.989209806938622,3.657543519974968,True
1780221481,Licensed Clinical Social Worker,Social Worker,GA,17.0,3911.0,138657.89,35.45330861672207,230.05882352941177,-2.790054587579,4.230003439899439,True
1891061289,Licensed Clinical Social Worker,Social Worker,MI,19.0,2720.0,105497.98,38.78602205882353,143.1578947368421,-2.4292770235101773,3.592346319651372,True
1902823628,Psychiatry,Psychiatry,PA,38.0,2222.0,90880.4,40.9002700270027,58.473684210526315,-2.276850289992447,3.5374323675592914,True
1063585487,Psychiatry,Psychiatry,CA,11.0,798.0,33804.96,42.36210526315789,72.54545454545455,-2.1371294658996467,3.8287823621843446,True
1396368585,Neuropsychiatry,Psychiatry,CA,24.0,1049.0,173856.89,165.73583412774073,43.708333333333336,1.8718329050208515,3.6277405325031657,True
1417210824,Psychiatry,Psychiatry,KY,12.0,1243.0,57482.03,46.24459372485921,103.58333333333333,-1.7882393493530957,4.31000013107566,True
1114903465,Psychiatry,Psychiatry,NY,52.0,3108.0,348943.47,112.27267374517373,59.76923076923077,1.7407765655627727,3.5670409751662873,True
1104216373,Licensed Clinical Social Worker,Social Worker,GA,21.0,5985.0,282695.18,47.23394820384294,285.0,-1.6379854327369556,4.5178632702000625,True
1598113276,Licensed Clinical Social Worker,Social Worker,GA,18.0,6701.0,316874.48,47.28764065064915,372.27777777777777,-1.6334233218840868,4.876960085688816,True
1467581892,Psychiatry,Psychiatry,NJ,14.0,1369.0,145452.96,106.24759678597516,97.78571428571429,1.5213203738352847,4.232178611209734,True
1588785422,Psychiatry,Psychiatry,NY,18.0,1371.0,142829.33,104.17894237782639,76.16666666666667,1.443091279730108,3.8945960405054847,True
1104974369,Psychiatry,Psychiatry,CA,16.0,2414.0,124204.32,51.45166528583265,150.875,-1.3637231789637412,4.818121489365088,True
1801991781,Psychiatry,Psychiatry,MO,12.0,1089.0,57094.05,52.42796143250689,90.75,-1.2889353611057595,4.13129073169101,True
1538258488,Psychiatry,Psychiatry,NY,16.0,1487.0,142696.41,95.96261600537996,92.9375,1.1162390612292095,4.163472632906779,True
1265457345,Psychiatry,Psychiatry,NY,13.0,820.0,77815.03,94.89637804878049,63.07692307692308,1.0717848503102587,3.6398174862545383,True
1528136405,Psychiatry,Psychiatry,NY,14.0,934.0,88526.64,94.78226980728051,66.71428571428571,1.066997827473174,3.7155666367063356,True
1932276227,Psychiatry,Psychiatry,CA,16.0,1814.0,102789.17,56.664371554575524,113.375,-0.9797712324885841,4.432038984242571,True
1043409360,Psychiatry,Psychiatry,IL,11.0,1169.0,66286.21,56.70334473909325,106.27272727272727,-0.9770356904576329,4.3446322760064815,True
1245377589,Psychiatry,Psychiatry,MA,13.0,1836.0,104659.24,57.00394335511983,141.23076923076923,-0.9559995255785685,4.728871526298138,True
1932140597,Psychiatry,Psychiatry,NY,18.0,1048.0,95744.04,91.35881679389313,58.22222222222222,0.9206325768119021,3.5316094572189156,True
1841280765,Psychiatry,Psychiatry,WV,21.0,1804.0,105440.65,58.44825388026607,85.9047619047619,-0.8564480021811132,4.0571560510636635,True
1073616637,Psychiatry,Psychiatry,IL,11.0,664.0,38942.3,58.648042168674706,60.36363636363637,-0.8428713038171896,3.580411464365465,True
1437219680,Psychiatry,Psychiatry,NY,11.0,1206.0,107086.14,88.7944776119403,109.63636363636364,0.8073587760193487,4.386733619625532,True
1548333958,Psychiatry,Psychiatry,CA,11.0,641.0,56359.14,87.92377535101404,58.27272727272727,0.7681522234482875,3.532780979214186,True
1508885443,Psychiatry,Psychiatry,NC,30.0,2614.0,228606.89,87.45481637337414,87.13333333333334,0.7468744495137236,4.076342238834611,True
1730244005,Psychiatry,Psychiatry,PA,14.0,881.0,74082.26,84.0888308740068,62.92857142857143,0.5907178920487252,3.6366360311345907,True
1619349909,Licensed Clinical Social Worker,Social Worker,MS,37.0,4947.0,404742.41,81.81572872447948,133.7027027027027,0.5680271288549527,3.5004998016164817,True
1134160203,Geriatric Psychiatry,Psychiatry,CA,40.0,1401.0,96366.4,68.78401142041399,35.025,-0.5089084332793048,3.525949682453765,True
1932138575,Psychiatry,Psychiatry,TX,137.0,7929.0,515638.67,65.03199268508008,57.87591240875913,-0.4317756053622104,3.5235489280863765,True
1760502207,Psychiatry,Psychiatry,MO,14.0,1516.0,99120.83,65.38313324538258,108.28571428571429,-0.4103505988986355,4.369985361287668,True
1336262518,Psychiatry,Psychiatry,CA,11.0,638.0,50505.56,79.1623197492163,58.0,0.35051292537219797,3.5264426584463586,True
1073645875,Psychiatry,Psychiatry,NY,29.0,2162.0,170802.68,79.00216466234967,74.55172413793103,0.3424554535533548,3.8656406016398854,True
1831170349,Psychiatry,Psychiatry,MA,33.0,2546.0,172746.81,67.85027886881383,77.15151515151516,-0.2629843054331724,3.9119542306541213,True
1417922451,Psychiatry,Psychiatry,PA,11.0,688.0,46729.73,67.92111918604651,62.54545454545455,-0.25883247960598615,3.628385127501768,True
1780648832,Psychiatry,Psychiatry,DC,13.0,743.0,57307.27,77.12956931359354,57.15384615384615,0.2470132489841524,3.5065862174909666,True
1932100369,Psychiatry,Psychiatry,MI,11.0,631.0,44288.68,70.1880824088748,57.36363636363637,-0.1282070452069189,3.511536575614922,True
1952400327,Psychiatry,Psychiatry,DE,12.0,702.0,49719.81,70.82594017094017,58.5,-0.09221293974691193,3.5380402938833817,True
