state,year,bh_category,providers,rural_providers,benes_served_sum,services,submitted_charge,allowed_amt,payment_amt,state_name,census_region,population,providers_per_100k,payment_per_service,payment_per_bene,benes_per_provider
NY,2020,Psychologist,1212,23,62072.0,724425.0,124478514.64999993,69082357.29000004,53868981.06,New York,Northeast,20122262,6.023179700174861,74.3610188218242,867.8467112385617,51.21452145214521
NJ,2020,Social Worker,765,0,23148.0,279317.5,43299319.99000001,22107303.87,17141995.909999996,New Jersey,Northeast,9270476,8.252003456996167,61.37100579090102,740.5389627613615,30.258823529411764
LA,2020,Social Worker,183,5,5326.0,40235.0,5258847.7,3285129.94,2470612.33,Louisiana,South,4652145,3.933669307384013,61.40455648067603,463.87764363499815,29.103825136612024
OH,2020,Psychiatry,821,16,79358.0,389220.0,59734643.50999999,31770308.41000001,23696999.080000006,Ohio,Midwest,11798534,6.9584916227727955,60.88330270798008,298.60882431512897,96.66017052375152
NV,2020,Psychologist,80,0,3507.0,34575.0,7220168.17,3454450.0300000003,2679924.41,Nevada,West,3116851,2.5666931143002985,77.51046738973247,764.1643598517252,43.8375
GA,2020,Psychologist,231,12,9801.0,90657.0,15097774.18,8824491.87,6809945.200000001,Georgia,South,10732595,2.1523219687317,75.11769857815725,694.8214671972249,42.42857142857143
DC,2020,Psychiatry,112,0,7823.0,42259.0,6042197.119999999,3475501.3,2621916.4999999995,District of Columbia,South,670958,16.69255005529407,62.043978797415924,335.1548638629681,69.84821428571429
CT,2020,Psychologist,205,1,11177.0,82328.0,13512473.64,7687646.1000000015,6005625.149999999,Connecticut,Northeast,3579643,5.726828066374217,72.94754093382566,537.3199561599713,54.5219512195122
AZ,2020,Psychiatry,359,5,25366.0,141754.0,25685983.770000003,11816351.98,8931640.290000003,Arizona,West,7186647,4.995375451166587,63.00803003795309,352.1107107939763,70.65738161559888
NC,2020,Psychologist,384,5,17695.0,139333.5,23793351.349999998,13405717.140000002,10292152.569999997,North Carolina,South,10450215,3.674565547216014,73.86703535043615,581.6418519355748,46.080729166666664
RI,2020,Psychiatry,177,0,14095.0,112522.0,14941700.280000001,7190527.0,5478080.620000001,Rhode Island,Northeast,1096487,16.142462245334418,48.68452942535683,388.6541766583896,79.63276836158192
NE,2020,Psychiatry,110,0,12627.0,60290.0,12781867.709999997,4994515.09,3714898.9399999995,Nebraska,Midwest,1963318,5.602760225292082,61.61716603085088,294.20281460362713,114.7909090909091
WI,2020,Psychologist,346,17,14062.0,89933.0,22579998.28,7679558.569999998,5847491.8999999985,Wisconsin,Midwest,5897371,5.867021084479847,65.02053639931948,415.83643151756496,40.641618497109825
SD,2020,Social Worker,67,6,1821.0,18268.0,2703000.43,1455688.8900000001,1096796.19,South Dakota,Midwest,887808,7.54667675893887,60.03920462010072,602.3043327841845,27.17910447761194
IA,2020,Psychiatry,169,13,19082.0,127220.0,16214636.219999999,6257402.93,4603223.14,Iowa,Midwest,3191081,5.29601097559103,36.183171985536866,241.23378786290743,112.91124260355029
KY,2020,Psychologist,110,9,6709.0,42206.0,6883226.359999999,3586720.41,2751333.9899999998,Kentucky,South,4508271,2.4399597983351047,65.18821944747192,410.0959889700402,60.99090909090909
AL,2020,Social Worker,126,6,5674.0,25701.0,3157761.3899999997,1905504.94,1374751.11,Alabama,South,5032962,2.503495953277613,53.490179759542436,242.28958583010223,45.03174603174603
NY,2021,Psychiatry,2130,25,194685.0,1177106.0,226484542.5900001,117120153.71000002,90037062.02000003,New York,Northeast,19835345,10.73840661707674,76.49019036518379,462.4755991473407,91.40140845070422
NJ,2021,Social Worker,768,0,23357.0,283081.1,45988131.36,24592856.619999997,19155701.889999993,New Jersey,Northeast,9266509,8.287910797906742,67.66860058831195,820.1268095217705,30.412760416666668
CT,2021,Psychiatry,436,1,36483.0,167814.0,29054354.300000004,15914601.850000001,12113330.46,Connecticut,Northeast,3607765,12.085044341857078,72.18307447531195,332.0267099745087,83.67660550458716
MN,2021,Psychologist,464,25,15917.0,124588.0,25441773.399999995,11774971.089999996,9023132.280000001,Minnesota,Midwest,5714055,8.120327858237276,72.42376697595274,566.8864911729598,34.303879310344826
OK,2021,Social Worker,195,17,6264.0,85956.0,9556357.150000002,6341678.5200000005,4888100.789999999,Oklahoma,South,3992760,4.883839749947405,56.867476266927255,780.348146551724,32.12307692307692
KY,2021,Psychiatry,237,20,25268.0,156323.0,20858253.44,10330150.399999999,7742392.880000001,Kentucky,South,4508348,5.256914506156135,49.52817486870135,306.4109893936996,106.61603375527426
TN,2021,Psychiatry,309,3,33328.0,177444.0,26566054.97,14379859.679999992,10778187.680000003,Tennessee,South,6966687,4.435393753156989,60.74134758008162,323.39737397983686,107.85760517799353
WV,2021,Psychiatry,136,11,16324.0,77658.0,12814434.059999999,6843892.7700000005,5063410.210000001,West Virginia,South,1785921,7.615118473885463,65.20139856808056,310.18195356530265,120.02941176470588
ID,2021,Psychiatry,69,1,4383.0,20723.0,3721876.42,1785534.44,1339187.4299999997,Idaho,West,1904855,3.6223229589653805,64.62324132606281,305.54127994524293,63.52173913043478
WA,2022,Psychiatry,374,4,20157.0,113610.0,28584359.089999996,11143672.629999999,8404111.3,Washington,West,7786828,4.8029826779273925,73.9733412551712,416.9326437465893,53.89572192513369
NY,2022,Psychiatry,2104,24,185894.0,1114940.5,227018436.51999998,111903938.85000007,85650774.6,New York,Northeast,19713025,10.67314630808818,76.82093761954113,460.7506137906549,88.35266159695817
ME,2022,Social Worker,198,48,4608.0,44541.0,7194150.6,3654055.1700000004,2757625.91,Maine,Northeast,1391585,14.228379868998301,61.91207898340855,598.4431228298612,23.272727272727273
MN,2022,Psychologist,440,22,13851.0,108004.0,25110270.09,10177600.51,7742695.75,Minnesota,Midwest,5727565,7.682147649131874,71.68897216769749,558.9990433903689,31.479545454545455
MI,2022,Psychiatry,768,25,65796.0,363368.0,56169506.32000001,31553543.67000001,23553111.990000002,Michigan,Midwest,10043906,7.646427595001387,64.81889431650559,357.97179144628853,85.671875
MD,2022,Psychiatry,534,4,50560.0,272148.0,52535146.72,28108074.13000001,21018706.650000002,Maryland,South,6183257,8.636225212699392,77.23263316283787,415.71809038765826,94.68164794007491
PA,2022,Social Worker,640,25,19402.0,175377.1,27783649.919999994,15026832.920000002,11417002.690000005,Pennsylvania,Northeast,12984655,4.928894914805206,65.0997347430195,588.444628904237,30.315625
GA,2022,Psychiatry,447,1,46380.0,250877.0,45057170.81999999,21770959.889999997,16018220.889999997,Georgia,South,10929992,4.089664475509223,63.84890161314109,345.36914381198784,103.75838926174497
IN,2022,Psychiatry,319,2,31066.0,160551.0,22881274.47,11145086.07,8216874.980000001,Indiana,Midwest,6841491,4.6627262975278345,51.17922018548624,264.4973598145883,97.38557993730407
NV,2022,Psychiatry,127,0,20080.0,146356.0,26327361.57,11685564.58,8922923.27,Nevada,West,3177672,3.9966365313978285,60.96725293120883,444.3686887450199,158.11023622047244
NC,2022,Social Worker,768,46,22828.0,178500.0,30807602.76,15063993.790000003,11324614.93,North Carolina,South,10705768,7.173702998234223,63.44322089635854,496.0844108112844,29.723958333333332
KS,2022,Social Worker,254,21,6816.0,61830.0,8883408.44,5349651.859999999,4001162.76,Kansas,Midwest,2938034,8.645236916931527,64.71232023289664,587.0250528169014,26.834645669291337
NE,2022,Psychologist,58,4,2290.0,22057.0,4583541.67,2055531.49,1560809.2800000003,Nebraska,Midwest,1972595,2.9402893143296014,70.76253706306389,681.5761048034935,39.48275862068966
DC,2022,Social Worker,29,0,753.0,9372.0,1408435.2999999998,876079.6699999999,671454.07,District of Columbia,South,674501,4.299474722795074,71.64469376867264,891.7052722443558,25.96551724137931
IL,2019,Psychologist,789,3,44401.0,430037.5,68081649.02000001,36082703.09000001,28159397.250000015,Illinois,Midwest,12671821,6.226413709600222,65.48125977385696,634.2063748564225,56.27503168567807
IN,2019,Psychologist,311,9,26638.0,165493.5,22151809.259999998,12360243.959999997,9412751.190000001,Indiana,Midwest,6732219,4.619576398212833,56.876863381341266,353.3580295067198,85.65273311897106
NY,2019,Social Worker,1977,91,51124.0,645429.0,92927984.65000004,48614253.73999998,37413710.46000001,New York,Northeast,19453561,10.162663791991605,57.96719772430431,731.8228319380332,25.859382903388973
MD,2019,Psychologist,298,3,21623.0,151104.0,22459780.36,14212582.219999999,11003995.2,Maryland,South,6045680,4.929139484722976,72.8239834815756,508.90233547611336,72.56040268456375
WY,2019,Social Worker,71,13,2221.0,22358.0,2922695.67,1828751.3699999996,1381888.7800000003,Wyoming,West,578759,12.267627803628107,61.807352178191266,622.1921566861776,31.281690140845072
TX,2019,Psychologist,846,4,67722.0,580032.1,84368135.76999998,48628861.160000004,37791954.780000016,Texas,South,28995881,2.9176557870409248,65.15493673539795,558.0454620359708,80.04964539007092
WI,2019,Psychologist,350,21,17484.0,108042.5,25456502.959999993,8435614.370000001,6457817.74,Wisconsin,Midwest,5822434,6.01123172886116,59.77108767383206,369.3558533516358,49.95428571428572
MN,2019,Psychiatry,445,11,46011.0,205816.0,43402343.25000001,16715030.469999999,12548486.599999998,Minnesota,Midwest,5639632,7.890585768716824,60.96944163719049,272.727969398622,103.39550561797753
GA,2019,Psychiatry,480,4,65984.0,382466.0,61506437.480000004,30348935.359999992,22742138.560000002,Georgia,South,10617423,4.520871024918193,59.46185689708367,344.6614112512124,137.46666666666667
AZ,2019,Psychiatry,355,5,29653.0,153567.0,27700819.369999997,12912511.930000003,9751292.46,Arizona,West,7278717,4.877233171725182,63.498619234601186,328.84674265672953,83.52957746478873
CO,2019,Psychiatry,296,4,21670.0,107935.0,20093684.319999997,8757175.029999997,6554336.52,Colorado,West,5758736,5.140016837028125,60.72484847361838,302.4613068758652,73.20945945945945
MO,2019,Social Worker,369,26,12469.0,127599.0,15405211.670000002,9060252.31,6873691.779999999,Missouri,Midwest,6137428,6.0122904904139,53.86948001159883,551.2624733338679,33.79132791327913
MI,2023,Psychologist,412,15,22155.0,143541.0,28400131.090000004,14429512.899999999,11129974.919999998,Michigan,Midwest,10062124,4.094562937208884,77.53864693711203,502.36853622207167,53.77427184466019
NC,2023,Psychiatry,655,15,50116.0,243776.0,51613340.279999994,21386978.319999993,15866952.879999995,North Carolina,South,10871849,6.024734155156128,65.08824855605144,316.6045350786175,76.51297709923664
OH,2023,Psychologist,493,6,20203.0,126792.5,24497079.04,12423317.850000001,9468123.739999996,Ohio,Midwest,11808390,4.174997607633217,74.67416243074311,468.6493956343116,40.97971602434077
DE,2023,Psychiatry,75,1,7282.0,39057.0,7018358.4,3847269.99,2894889.17,Delaware,South,1035354,7.243899188103779,74.11959879150984,397.54039686899205,97.09333333333333
IN,2023,Psychiatry,296,2,25687.0,123830.0,18270964.599999998,9517231.35,7055501.639999999,Indiana,Midwest,6881373,4.30146716360238,56.97732084309133,274.6720769260715,86.7804054054054
WI,2023,Social Worker,386,36,7965.0,67906.0,16443430.189999998,5686916.490000001,4219683.85,Wisconsin,Midwest,5930350,6.5088907062820915,62.14007377845845,529.7782611424984,20.634715025906736
NJ,2023,Psychiatry,682,0,63095.0,362800.1,84226784.16,36979453.29000001,28259890.150000002,New Jersey,Northeast,9395315,7.258937034043031,77.89383230599992,447.8942887709011,92.51466275659824
CA,2023,Psychiatry,2165,16,179277.0,1255012.5,311909593.56,121783712.32000013,92462229.15000004,California,West,39181667,5.525543361899329,73.67434917978908,515.7506492745864,82.80692840646651
NY,2023,Social Worker,1521,49,38465.0,591499.0,95878422.65,49374678.32000001,38089044.579999976,New York,Northeast,19786543,7.6870426531810025,64.39409801199999,990.226038736513,25.289283366206444
PA,2023,Psychiatry,1115,16,85834.0,465575.0,79435881.35000001,42485385.57000001,31934675.74000001,Pennsylvania,Northeast,13009406,8.570721830035898,68.59190407560546,372.0515849197289,76.98116591928252
IA,2023,Psychologist,100,6,4321.0,30682.0,6335996.08,2582857.66,1953471.92,Iowa,Midwest,3214739,3.1106724371714156,63.668337135779936,452.08792409164545,43.21
NV,2023,Psychologist,66,0,2849.0,31761.0,5708605.85,3035122.3100000005,2350492.21,Nevada,West,3211077,2.0553851558215515,74.00561096942792,825.0235907335907,43.166666666666664
VT,2023,Social Worker,103,43,2267.0,33418.0,4835428.34,2876664.95,2169512.1100000003,Vermont,Northeast,647722,15.901883832878921,64.92046531809206,956.9969607410676,22.009708737864077
ID,2023,Social Worker,104,14,2233.0,21829.0,3523994.9099999997,1813947.5500000003,1361004.7399999998,Idaho,West,1970497,5.277856297167669,62.34846946722249,609.4960770264217,21.471153846153847
MD,2023,Psychologist,237,3,18980.0,123720.0,21092543.910000004,13015460.07,10101650.909999996,Maryland,South,6204927,3.8195453387284006,81.64929607177494,532.2260753424656,80.084388185654
UT,2023,Social Worker,148,9,3581.0,23815.0,4483190.78,1953793.9400000002,1462820.7599999998,Utah,West,3449259,4.2907766566674175,61.424344320806206,408.4950460765149,24.195945945945947
AL,2023,Social Worker,126,4,4269.0,22130.5,3562955.2100000004,1782676.78,1338610.1300000004,Alabama,South,5117850,2.4619713356194497,60.4871164230361,313.56526821269625,33.88095238095238
SD,2023,Psychiatry,53,1,4906.0,18219.0,3016796.25,1840697.04,1362559.01,South Dakota,Midwest,917739,5.77506240881122,74.78780448981833,277.73318589482267,92.56603773584905
NE,2024,Counselor / MFT,41,3,899.0,5947.0,1165258.85,482362.99,375339.2799999999,Nebraska,Midwest,2005591,2.0442852007213834,63.11405414494702,417.50754171301435,21.926829268292682
CT,2024,Counselor / MFT,62,0,1942.0,9660.0,1366212.27,703375.25,545753.3400000001,Connecticut,Northeast,3674449,1.6873278143199157,56.496204968944106,281.0264366632338,31.322580645161292
OH,2024,Psychiatry,717,7,50419.0,245510.0,46610436.71,22021715.19,16268177.049999997,Ohio,Midwest,11860621,6.045214664560987,66.26278787014785,322.65965310696356,70.31938633193863
NC,2024,Psychologist,268,2,12647.0,104253.1,19990542.05,9931077.589999996,7596008.119999999,North Carolina,South,11052061,2.4248870866709837,72.86122062557371,600.6173891041353,47.190298507462686
MO,2024,Social Worker,255,12,6653.0,69905.0,10641090.85,6101381.79,4615256.52,Missouri,Midwest,6243544,4.084218834687479,66.02183706458764,693.7105846986321,26.090196078431372
IL,2024,Counselor / MFT,129,4,2469.0,18758.0,3713686.22,1675511.3000000003,1311792.0900000003,Illinois,Midwest,12703033,1.0155055095897176,69.93240697302485,531.3050182260025,19.13953488372093
GA,2024,Social Worker,288,11,9110.0,107112.0,17441108.009999998,8534460.350000001,6543099.780000001,Georgia,South,11204208,2.57046281182927,61.086524198969315,718.2326871569705,31.631944444444443
AZ,2024,Counselor / MFT,61,2,1809.0,8846.0,2497722.79,896937.2300000001,708661.69,Arizona,West,7556424,0.8072601537446813,80.11097558218403,391.74222775013817,29.65573770491803
CA,2024,Psychiatry,2278,16,183486.0,1279688.0,367687408.1600001,128870450.88999999,98103361.09999995,California,West,39364774,5.78689972918427,76.66193720656906,534.6640130582167,80.54697102721686
FL,2024,Psychiatry,1127,4,134762.0,1315511.9,187869641.20000002,99816775.11999992,76820922.30000001,Florida,South,23265838,4.844012066103099,58.39621998098232,570.0488438877429,119.57586512866015
VA,2024,Psychiatry,493,16,38046.0,182995.0,36122074.589999996,18028801.259999998,13349253.450000001,Virginia,South,8819642,5.589796048411035,72.94873329872401,350.8714043526258,77.17241379310344
VT,2024,Psychologist,49,16,1579.0,18726.0,3251302.65,2096371.3900000001,1599676.9700000002,Vermont,Northeast,646521,7.579026822021249,85.4254496422087,1013.0949778340723,32.224489795918366
NV,2024,Psychologist,61,0,4100.0,61647.0,7405145.99,4455773.66,3467623.1399999997,Nevada,West,3253543,1.8748791701846264,56.2496656771619,845.7617414634145,67.21311475409836
CO,2024,Counselor / MFT,78,9,1444.0,8147.0,2071872.63,699308.73,539599.4200000002,Colorado,West,5988502,1.3024960165330162,66.23289799926356,373.68380886426604,18.512820512820515
AR,2024,Psychiatry,133,3,9445.0,50868.0,9656063.63,4534841.550000001,3398943.42,Arkansas,South,3096080,4.295754631663264,66.8188924274593,359.86695817893064,71.01503759398496
ID,2024,Psychiatry,67,3,3887.0,17967.0,3682318.8899999997,1570859.2899999998,1181198.28,Idaho,West,2000872,3.3485400365440667,65.74265486725663,303.88430151788015,58.014925373134325
HI,2024,Psychologist,42,1,968.0,8328.5,1726743.89,949495.08,722602.5599999999,Hawaii,West,1434952,2.9269271724768493,86.76262952512457,746.4902479338842,23.047619047619047
NH,2024,Psychiatry,137,10,13606.0,77727.0,14309367.62,7579759.830000001,5668095.529999999,New Hampshire,Northeast,1408518,9.726535266144984,72.92312233844095,416.5879413494046,99.31386861313868
DE,2024,Social Worker,111,2,2447.0,28504.0,4982124.289999999,2718042.5300000003,2051882.74,Delaware,South,1050123,10.570190349130531,71.98578234633736,838.5299305271761,22.045045045045047
UT,2024,Social Worker,130,5,3022.0,21750.0,4531692.69,1964571.5700000003,1482703.54,Utah,West,3502983,3.7111227773586113,68.17027770114943,490.6365122435473,23.246153846153845
OR,2024,Counselor / MFT,42,6,780.0,4506.0,1133402.58,381399.20999999996,295550.19,Oregon,West,4265324,0.9846848680194048,65.59036617842877,378.9105,18.571428571428573
TN,2024,Counselor / MFT,34,3,650.0,2719.0,393943.29,211405.33,160255.53,Tennessee,South,7251291,0.468882023904433,58.93914306730416,246.54696923076924,19.11764705882353
NM,2024,Psychologist,95,2,3137.0,26571.0,4885207.4,2622285.6,2002458.7900000003,New Mexico,West,2126774,4.466859196134616,75.36256783711566,638.3356040803316,33.02105263157895
KS,2024,Counselor / MFT,31,4,581.0,3586.0,629478.03,312468.66,240932.18,Kansas,Midwest,2965252,1.0454423435175155,67.1868878973787,414.68533562822716,18.741935483870968
CA,2019,Social Worker,773,28,19457.0,210733.0,39809568.099999994,19237663.450000007,14831756.329999998,California,West,39512223,1.956356644373059,70.38174528906245,762.2838222747596,25.170763260025872
WV,2019,Psychiatry,146,9,23385.0,113029.0,16838986.380000003,8565006.239999998,6339159.460000001,West Virginia,South,1792147,8.146653148430346,56.084362951101056,271.0780183878555,160.17123287671234
AK,2019,Psychologist,20,1,638.0,6340.0,2060196.0,739658.8999999999,575896.52,Alaska,West,731545,2.733939812315032,90.83541324921136,902.6591222570534,31.9
MI,2019,Psychologist,564,18,37895.0,209792.0,37009947.879999995,20343453.01999999,15682925.119999997,Michigan,Midwest,9986857,5.647422407269874,74.75463849908479,413.8520944715661,67.18971631205673
AR,2019,Psychologist,86,4,6352.0,45692.0,7046435.23,3794612.0300000003,2892087.63,Arkansas,South,3017804,2.849754324667871,63.295273352009104,455.30346819899245,73.86046511627907
TN,2019,Psychologist,236,4,17155.0,112156.5,18027913.93,9140184.42,7030989.91,Tennessee,South,6829174,3.4557619999138987,62.68909880390348,409.85076712328765,72.69067796610169
NV,2019,Psychologist,78,1,4170.0,38950.0,7728395.63,3463329.0300000003,2683360.78,Nevada,West,3080156,2.532339271127826,68.8924462130937,643.491793764988,53.46153846153846
RI,2019,Social Worker,137,0,3876.0,26812.0,4000936.6999999997,2011643.24,1518154.9099999997,Rhode Island,Northeast,1059361,12.932324297383046,56.62221803669998,391.6808333333332,28.291970802919707
HI,2019,Psychologist,69,3,1717.0,12756.0,2440247.61,1357540.2000000002,1034287.8500000001,Hawaii,West,1415872,4.873321882204041,81.08245923486987,602.3808095515434,24.884057971014492
NM,2019,Psychologist,139,5,4504.0,33466.5,4908535.62,3102063.8599999994,2372333.159999999,New Mexico,West,2096829,6.629057495866378,70.88680202590648,526.7169538188275,32.402877697841724
LA,2019,Psychologist,82,0,5215.0,27023.0,3896744.4799999995,2185201.0999999996,1658052.4700000002,Louisiana,South,4648794,1.7638983357834312,61.357083595455734,317.93911217641426,63.59756097560975
DE,2019,Psychologist,78,1,5895.0,29935.0,4391291.54,3033064.8100000005,2355423.9799999995,Delaware,South,973764,8.010154411130417,78.68461600133621,399.5630161153519,75.57692307692308
SD,2019,Psychiatry,53,1,7028.0,26173.0,3737007.43,2322662.3299999996,1724421.42,South Dakota,Midwest,884659,5.9910089650362455,65.88550873037099,245.3644593056346,132.60377358490567
ND,2019,Social Worker,74,3,1573.0,12200.0,2069491.55,846500.27,643092.44,North Dakota,Midwest,762062,9.710495996388746,52.712495081967205,408.83181182453905,21.256756756756758
AK,2020,Psychologist,17,1,508.0,6095.0,1954187.0,694605.47,538544.74,Alaska,West,732906,2.319533473596887,88.3584479081214,1060.127440944882,29.88235294117647
ID,2020,Psychologist,42,0,1680.0,12291.0,1910786.4100000001,1136539.4500000002,881978.1300000001,Idaho,West,1849328,2.2710952302674268,71.75804491091043,524.9869821428572,40.0
ND,2021,Psychologist,60,1,2513.0,21488.0,3415108.0,1902177.4899999998,1461173.7899999998,North Dakota,Midwest,777977,7.712310261100264,67.99952485107967,581.4459968165538,41.88333333333333
AK,2021,Social Worker,17,5,384.0,3742.0,813840.13,459516.75,353778.88,Alaska,West,734590,2.3142160933309737,94.54272581507216,921.2991666666667,22.58823529411765
NE,2021,Social Worker,118,12,2699.0,30853.0,5035062.7,2683449.1399999997,2041437.5399999998,Nebraska,Midwest,1964697,6.0060151768949614,66.16658153177973,756.3681141163393,22.872881355932204
AR,2021,Psychologist,65,3,4478.0,37673.0,5713542.7,3112532.67,2403263.7099999995,Arkansas,South,3027127,2.1472505117889007,63.79273511533458,536.6823827601606,68.8923076923077
HI,2021,Social Worker,26,2,640.0,5358.0,1054139.73,532084.44,406050.17000000004,Hawaii,West,1446909,1.796934015891808,75.783906308324,634.4533906250001,24.615384615384617
MT,2022,Psychiatry,52,5,3392.0,16916.0,3247891.48,1635324.79,1199642.5,Montana,West,1121533,4.636510918537395,70.91762236935446,353.66818985849056,65.23076923076923
MI,2024,Counselor / MFT,60,3,987.0,7434.0,1240830.96,593352.1000000001,458432.07000000007,Michigan,Midwest,10099962,0.594061641023996,61.66694511702987,464.47018237082074,16.45
AK,2023,Social Worker,21,6,575.0,6427.0,1636278.88,803929.1100000001,620740.3599999999,Alaska,West,734654,2.8584884857361423,96.58322078730355,1079.548452173913,27.38095238095238
WA,2020,Social Worker,231,11,5230.0,46814.0,7579994.5600000005,4135050.39,3127521.1400000006,Washington,West,7726812,2.989590014614048,66.80738966975693,597.9963938814533,22.64069264069264
MA,2020,Social Worker,1258,10,35333.0,398692.0,58718613.190000005,30362037.609999992,23022464.830000006,Massachusetts,Northeast,6985320,18.009196429082706,57.74498818636944,651.5853403333996,28.08664546899841
CO,2020,Psychologist,286,5,10872.0,101908.5,16586729.21,10186338.680000002,7894086.700000001,Colorado,West,5786873,4.942220090193788,77.46249527762652,726.0933314937455,38.01398601398601
MD,2020,Psychologist,272,3,18738.0,138813.0,21626167.89,14052681.349999998,10944083.389999999,Maryland,South,6178387,4.402443550395921,78.84047884564124,584.0582447433023,68.88970588235294
SC,2020,Social Worker,181,2,5358.0,46017.0,6539743.66,3968280.639999999,3005359.6900000004,South Carolina,South,5131992,3.5268955992137165,65.3097700849686,560.9107297499067,29.60220994475138
TN,2020,Social Worker,248,18,9010.0,65990.0,8540844.94,4617811.859999999,3442080.4899999998,Tennessee,South,6927736,3.5798130875656926,52.16063782391271,382.0289112097669,36.33064516129032
MO,2020,Social Worker,369,36,10309.0,101356.0,12925405.989999998,7599363.549999999,5717532.640000001,Missouri,Midwest,6155074,5.995053836883196,56.41040135759107,554.6156407022991,27.937669376693766
MI,2020,Psychiatry,770,26,81093.0,429706.0,60225296.04000002,33229992.71,24860910.480000008,Michigan,Midwest,10072294,7.644733166049363,57.85562798750776,306.57282971403214,105.31558441558441
IN,2020,Psychologist,269,6,21580.0,123178.5,17098330.5,9884977.299999999,7520647.24,Indiana,Midwest,6790290,3.9615391978840373,61.054869478033915,348.50079888785916,80.22304832713755
MS,2020,Psychiatry,106,4,16552.0,77096.0,11194225.85,5651787.26,4222471.41,Mississippi,South,2958385,3.5830360145822806,54.76900760091315,255.10339596423393,156.1509433962264
AR,2020,Social Worker,305,40,11691.0,105084.0,12724791.969999999,6593536.52,4876341.640000001,Arkansas,South,3014399,10.118103144275194,46.40422557192342,417.1021845864341,38.33114754098361
OR,2020,Psychologist,220,3,7253.0,55983.0,9737482.73,5190125.379999999,3958860.2099999995,Oregon,West,4243544,5.184345914641159,70.71539949627565,545.8238260030331,32.96818181818182
ND,2020,Social Worker,74,2,1549.0,12900.0,2220353.5,885194.64,674130.65,North Dakota,Midwest,779612,9.4919010995213,52.258189922480625,435.20377663008395,20.93243243243243
UT,2020,Psychologist,93,4,3813.0,28006.0,4525446.87,2569576.4000000004,1973779.6400000001,Utah,West,3283970,2.8319381723949975,70.47702777976149,517.6448046157881,41.0
HI,2020,Psychologist,60,3,1241.0,10768.0,2118773.15,1217456.0699999998,934061.3999999999,Hawaii,West,1451130,4.1347088131318355,86.74418647845467,752.6683319903303,20.683333333333334
WV,2020,Psychologist,73,5,3448.0,19012.0,3069337.83,1740689.83,1322011.1400000001,West Virginia,South,1791670,4.0744110243515825,69.53561645276667,383.41390371229704,47.23287671232877
ME,2020,Psychologist,71,14,2041.0,19927.5,3176800.79,1788846.25,1376684.6999999997,Maine,Northeast,1364546,5.20319578819622,69.0846669175762,674.5147966682997,28.746478873239436
MD,2021,Psychiatry,540,3,53492.0,296943.0,52663789.660000004,30543941.69000001,23113882.98,Maryland,South,6176035,8.743473765935589,77.83946070457966,432.09980894339344,99.05925925925926
MI,2021,Psychologist,452,17,25760.0,169595.5,30613126.5,18001869.439999998,13976807.690000007,Michigan,Midwest,10042362,4.500933147002668,82.41260935579074,542.5779382763977,56.991150442477874
IL,2021,Psychologist,679,2,31964.0,329887.5,59538206.64,33376147.879999995,26133207.140000008,Illinois,Midwest,12703354,5.34504509596442,79.21854310939338,817.5825034413718,47.07511045655376
CA,2021,Social Worker,681,26,16123.0,208734.0,36020701.830000006,20663770.440000005,16018428.290000003,California,West,39152927,1.7393335624690334,76.74086775513334,993.5141282639709,23.675477239353892
MA,2021,Social Worker,1194,14,32044.0,382927.0,59065522.66,32037463.17,24478955.740000002,Massachusetts,Northeast,6996721,17.065136654727265,63.92590686997784,763.9169810260892,26.837520938023452
WA,2021,Psychiatry,397,5,22531.0,124647.0,28770091.839999996,12161833.99,9245951.709999997,Washington,West,7744316,5.126340402431926,74.17708978154306,410.3657942390483,56.75314861460957
WI,2021,Psychologist,331,17,13689.0,89591.7,23872542.229999997,7877789.549999999,6025333.76,Wisconsin,Midwest,5882128,5.627215184708663,67.25325850497312,440.1587961136679,41.35649546827795
NC,2021,Psychologist,368,2,17145.0,137562.0,26703435.519999996,14071000.350000005,10876239.479999999,North Carolina,South,10565503,3.483033415446477,79.06427269158632,634.368006999125,46.58967391304348
OH,2021,Social Worker,599,17,16027.0,121956.8,18379126.85,10419525.729999999,7905947.460000005,Ohio,Midwest,11761443,5.092912493815597,64.82580274326651,493.28929057215976,26.75626043405676
SD,2021,Psychologist,47,0,1727.0,19254.0,2808944.2700000005,1849929.2399999998,1419784.9499999997,South Dakota,Midwest,896303,5.243762433016514,73.73973979432844,822.1105674580195,36.744680851063826
FL,2021,Psychiatry,1091,0,158925.0,818945.0,155829670.58999997,79422596.32999998,60444768.31999999,Florida,South,21836698,4.996176619743516,73.80809250926497,380.33517898379733,145.66911090742437
OR,2021,Psychologist,210,3,7450.0,58560.0,10608437.100000001,5681945.960000001,4365140.219999999,Oregon,West,4254691,4.935728587575455,74.5413288934426,585.9248617449663,35.476190476190474
MS,2021,Social Worker,78,4,3032.0,16737.0,3050015.7600000002,1549386.0899999999,1177385.29,Mississippi,South,2947603,2.6462179608312244,70.34625619884089,388.31968667546175,38.87179487179487
TX,2021,Psychologist,705,3,55786.0,466597.0,74954048.70000002,43254921.14,33865056.49999999,Texas,South,29572672,2.3839577296228085,72.57881319425542,607.0529613164592,79.1290780141844
SC,2021,Psychologist,91,0,5083.0,43798.0,7480168.120000001,4275922.08,3321444.78,South Carolina,South,5194346,1.751904859630067,75.83553541257591,653.4418217588038,55.857142857142854
NM,2021,Psychologist,108,4,3726.0,29214.0,4835440.260000001,2867953.4099999997,2204240.1,New Mexico,West,2117300,5.100835970339584,75.45149928116656,591.5834943639292,34.5
RI,2021,Social Worker,118,0,3138.0,23820.0,3726653.5,1989991.71,1503060.9900000002,Rhode Island,Northeast,1097381,10.75287434355069,63.100797229219154,478.9869311663481,26.593220338983052
MA,2022,Psychologist,591,8,23302.0,235522.0,45825780.53,23603931.36,18232658.869999997,Massachusetts,Northeast,7025465,8.412254562509386,77.41382490807652,782.4503849454982,39.42808798646362
CT,2022,Psychologist,165,1,9568.0,63673.0,11441556.839999998,6438767.279999999,5033209.14,Connecticut,Northeast,3618707,4.559639672402325,79.04777755092425,526.0461057692307,57.987878787878785
RI,2022,Psychologist,63,0,2099.0,20259.0,3916668.7,1924835.58,1487226.2600000002,Rhode Island,Northeast,1098275,5.736268238829073,73.4106451453675,708.5403811338734,33.317460317460316
OK,2022,Social Worker,175,18,5771.0,87703.0,9912723.7,6181843.789999999,4707634.22,Oklahoma,South,4025327,4.347472888537999,53.677003295212245,815.7397712701438,32.97714285714286
NJ,2022,Psychologist,465,0,34632.0,228858.5,43158863.55,25826936.559999987,20191534.739999995,New Jersey,Northeast,9298402,5.000859287434551,88.227156692891,583.0311486486485,74.47741935483872
KY,2022,Social Worker,289,39,10378.0,67375.0,10859083.59,5225887.949999999,3865186.9699999997,Kentucky,South,4521238,6.392054565585798,57.368266716141,372.4404480632106,35.910034602076124
AZ,2022,Social Worker,157,5,4864.0,40971.0,7891541.64,3935187.900000001,3002332.01,Arizona,West,7370065,2.1302390141742307,73.27944180029776,617.2557586348684,30.980891719745223
AL,2022,Social Worker,137,2,4384.0,22925.2,3160241.7399999993,1907625.6,1400074.3099999998,Alabama,South,5076868,2.6985141232744283,61.07141093643675,319.36001596715323,32.0
SC,2022,Social Worker,184,2,5529.0,48870.0,7601389.14,4449818.16,3364805.3499999996,South Carolina,South,5288957,3.478946794235612,68.85216595048087,608.5739464640983,30.04891304347826
MS,2022,Psychiatry,86,3,12351.0,68845.0,10321297.72,5824726.869999999,4383375.42,Mississippi,South,2941237,2.923939825318395,63.67020727721694,354.9004469273743,143.61627906976744
MO,2022,Psychologist,226,12,9801.0,76349.0,12963071.5,7443051.44,5699768.86,Missouri,Midwest,6179285,3.6573810724056264,74.65413901950255,581.5497255382104,43.36725663716814
WV,2022,Psychiatry,129,12,14044.0,64460.0,10698369.05,5552826.8100000005,4034531.01,West Virginia,South,1774003,7.271690070422654,62.589683679801425,287.27791298775276,108.86821705426357
IA,2022,Psychiatry,163,8,15322.0,68177.0,14210473.700000001,5487177.909999999,4013683.6400000006,Iowa,Midwest,3201890,5.090743279750398,58.87152030743507,261.95559587521217,94.0
WI,2022,Social Worker,395,43,8563.0,74444.0,17345987.060000002,6423314.029999998,4753640.020000001,Wisconsin,Midwest,5903472,6.690977783921055,63.85524716565474,555.1372206002571,21.678481012658228
UT,2022,Social Worker,161,10,3917.0,24779.0,4349098.79,2143130.6,1609162.6199999999,Utah,West,3393928,4.7437659254998925,64.94057952298317,410.81506765381664,24.32919254658385
NM,2022,Social Worker,86,5,1909.0,19791.0,2734374.39,1730731.87,1306419.6,New Mexico,West,2112859,4.070314204591977,66.01079278459906,684.3476165531692,22.197674418604652
HI,2022,Social Worker,22,1,490.0,5227.0,958960.5800000001,493034.7,375815.6399999999,Hawaii,West,1437812,1.5301026838001073,71.89891716089534,766.9706938775508,22.272727272727273
DE,2022,Social Worker,103,3,2862.0,27992.0,4094594.95,2498342.4899999998,1888546.7599999998,Delaware,South,1020279,10.095277860271553,67.46737496427549,659.8695877009084,27.78640776699029
CT,2019,Psychologist,236,2,13463.0,104700.3,16747489.0,9257900.190000001,7211511.420000002,Connecticut,Northeast,3565287,6.61938295570595,68.8776576571414,535.6541201812375,57.04661016949152
OH,2019,Psychologist,624,10,29322.0,199907.6,30868928.490000002,17296874.869999997,13262438.800000003,Ohio,Midwest,11689100,5.338306627541898,66.34284439411009,452.30334902121285,46.99038461538461
VA,2019,Social Worker,573,38,16478.0,137880.5,17064707.640000004,10640694.42,8038509.739999998,Virginia,South,8535519,6.7131242985927395,58.30055548101434,487.8328522878989,28.75741710296684
ID,2019,Social Worker,162,19,4039.0,39977.5,4880250.880000001,2791062.0700000003,2104676.48,Idaho,West,1787065,9.06514312573969,52.64652567068976,521.088507056202,24.932098765432098
IA,2019,Social Worker,334,58,10814.0,79048.0,12345220.82,5864719.45,4362159.35,Iowa,Midwest,3155070,10.586135965287616,55.18367763890294,403.380742555946,32.377245508982035
FL,2019,Psychiatry,1119,0,191163.0,931963.0,164732906.71000004,82878421.38000001,62739886.25000002,Florida,South,21477737,5.210046104950442,67.32014709811443,328.2009920852886,170.8337801608579
MN,2023,Psychiatry,444,14,31098.0,160893.0,41401798.3,13358631.099999998,9948484.379999999,Minnesota,Midwest,5752998,7.717715180850054,61.832922376983454,319.9075303878063,70.04054054054055
KS,2023,Social Worker,220,15,5706.0,55113.1,8199640.78,4694875.949999999,3514359.4000000004,Kansas,Midwest,2949749,7.4582617029448945,63.766316901063455,615.9059586400281,25.936363636363637
SC,2023,Psychiatry,337,3,26475.0,131871.0,21986435.009999998,11288499.420000002,8301473.339999998,South Carolina,South,5390798,6.2513935784646355,62.951470300520946,313.5589552407931,78.56083086053413
VA,2023,Psychiatry,512,14,42048.0,191726.0,37003161.68000001,19244040.85,14264933.479999999,Virginia,South,8732034,5.863467778526744,74.40270740535972,339.25355498477927,82.125
MA,2023,Psychologist,574,7,22861.0,229955.0,45823367.839999996,22263378.800000004,17224571.940000005,Massachusetts,Northeast,7073479,8.114818747606376,74.90409836707184,753.4478780455801,39.82752613240418
TX,2023,Psychiatry,1064,10,91046.0,473720.5,99981558.34,46342354.100000024,34885382.97000001,Texas,South,30719247,3.46362656610691,73.64127786321262,383.16217044131554,85.56954887218045
IL,2023,Social Worker,794,21,19542.0,252661.0,43431082.20999999,21550762.53000001,16482481.88,Illinois,Midwest,12633389,6.284932728660536,65.23556021704972,843.4388435165286,24.612090680100756
MO,2023,Psychologist,195,7,8541.0,67862.0,11710651.690000001,6409640.850000001,4897913.069999999,Missouri,Midwest,6205956,3.142142806039875,72.17460537561522,573.458970846505,43.8
LA,2023,Psychologist,83,0,3768.0,22106.0,3441509.9299999997,1885647.0900000003,1429460.7600000002,Louisiana,South,4598777,1.8048276748361576,64.66392653578215,379.36856687898097,45.397590361445786
AR,2023,Social Worker,227,29,6909.0,59073.0,9303340.66,4264612.3,3178624.2100000004,Arkansas,South,3069856,7.394483650047429,53.80841010275422,460.07008394847304,30.43612334801762
WA,2023,Social Worker,223,10,4705.0,41879.0,7965449.1899999995,3921650.4299999997,2953044.8099999996,Washington,West,7838655,2.8448758109650187,70.51373743403614,627.6397045696067,21.09865470852018
TN,2023,Psychiatry,288,1,24618.0,128696.0,21573963.89,11047862.930000003,8268821.16,Tennessee,South,7153029,4.026266355134307,64.25080157891465,335.88517182549356,85.47916666666667
KY,2023,Social Worker,269,44,10027.0,68968.0,11028575.13,5115825.529999999,3794203.3,Kentucky,South,4549953,5.912148982637842,55.0139673471755,378.398653635185,37.27509293680298
ND,2023,Psychiatry,57,0,3938.0,14624.0,4939087.16,1353572.15,996251.3400000001,North Dakota,Midwest,787071,7.242040425831977,68.12440782275712,252.98408836973084,69.08771929824562
WV,2023,Social Worker,41,3,1118.0,8562.0,1498314.17,711836.0800000001,530358.15,West Virginia,South,1770036,2.316337068850577,61.94325508058865,474.38117173524154,27.26829268292683
HI,2023,Psychologist,51,4,1053.0,9487.5,2121283.7699999996,1057048.8400000003,808467.6200000001,Hawaii,West,1434950,3.5541308059514267,85.21397839262188,767.775517568851,20.647058823529413
MT,2023,Psychiatry,51,4,3218.0,16721.0,3513754.2,1647123.8600000003,1220113.2000000002,Montana,West,1130612,4.510831301985119,72.96891334250346,379.15264139216913,63.09803921568628
ME,2023,Psychologist,41,5,1050.0,10973.0,2097973.4499999997,1021103.0800000001,792039.96,Maine,Northeast,1401992,2.9244104103304442,72.18080379112367,754.3237714285714,25.609756097560975
TX,2024,Psychiatry,1103,8,88293.0,476692.0,110915004.02000004,47543488.530000016,35839077.82999999,Texas,South,31318578,3.521871267590757,75.18288083290676,405.91074977631285,80.04805077062557
AZ,2024,Psychologist,234,5,15594.0,138443.3,25049992.009999998,11969017.59,9255675.690000001,Arizona,West,7556424,3.0967028848566467,66.85535298566273,593.5408291650635,66.64102564102564
IL,2024,Psychologist,623,1,26048.0,282652.0,55160397.29,27768807.51,21506866.54,Illinois,Midwest,12703033,4.904340561817008,76.08956080268315,825.6628739250614,41.81059390048154
MD,2024,Psychiatry,494,5,41669.0,239033.7,48588281.82,24725363.78999999,18619242.079999994,Maryland,South,6245314,7.909930549528815,77.89379522636345,446.8367870599245,84.3502024291498
KS,2024,Psychologist,117,2,6058.0,41024.5,8280429.64,4071502.47,3099081.5,Kansas,Midwest,2965252,3.945701748114494,75.54221258028738,511.5684219214262,51.77777777777778
NV,2024,Counselor / MFT,24,1,415.0,3404.0,752383.59,309133.01000000007,242737.61999999997,Nevada,West,3253543,0.7376573784332956,71.30952408930669,584.9099277108432,17.291666666666668
IN,2024,Psychiatry,277,2,21933.0,94636.0,16489753.300000003,8136526.589999998,5996402.539999999,Indiana,Midwest,6934754,3.9943738451284645,63.36280633162855,273.39636802990924,79.18050541516246
DC,2024,Psychiatry,104,0,9487.0,37438.0,7814598.869999999,3973525.8900000006,3109483.34,District of Columbia,South,691310,15.043902156774818,83.05687643570703,327.76255296721826,91.22115384615384
MA,2024,Psychiatry,1043,10,74407.0,434221.0,110396912.55000003,45372755.61000001,34580759.47000001,Massachusetts,Northeast,7138560,14.610789851174466,79.63861598126303,464.75142755385934,71.33940556088207
NJ,2024,Psychiatry,698,0,63662.0,359084.0,87127772.47000001,36849338.75,28044859.38,New Jersey,Northeast,9506354,7.342457476336354,78.10111110492252,440.52746347899847,91.20630372492836
CO,2024,Psychologist,223,6,8268.0,84256.0,16065882.75,8431299.98,6525364.43,Colorado,West,5988502,3.723802713934136,77.4468812903532,789.2313050314465,37.0762331838565
ME,2024,Social Worker,158,36,3751.0,30842.0,5424641.66,2645402.8499999996,1994660.71,Maine,Northeast,1408438,11.218101187272708,64.67352019972765,531.7677179418822,23.740506329113924
CT,2024,Psychologist,163,0,7770.0,54584.0,10617563.14,5515398.340000001,4312487.68,Connecticut,Northeast,3674449,4.436039253776553,79.00644291367433,555.0177194337194,47.668711656441715
SC,2024,Psychiatry,336,2,26611.0,143425.0,22858535.279999997,11226835.350000001,8296044.8500000015,South Carolina,South,5490316,6.119866324634137,57.84239044796933,311.7524651459923,79.19940476190476
LA,2024,Social Worker,166,5,3555.0,30662.0,5070464.74,2768243.7900000005,2091541.92,Louisiana,South,4614878,3.5970615041177685,68.21283412693235,588.3380928270042,21.41566265060241
RI,2024,Social Worker,118,0,3252.0,23999.0,3987706.76,2100268.45,1600552.4099999997,Rhode Island,Northeast,1110415,10.626657600987018,66.69246260260843,492.17478782287816,27.559322033898304
MI,2024,Psychologist,381,13,19656.0,130907.0,27200659.880000003,13527101.31,10414318.520000003,Michigan,Midwest,10099962,3.7722914205023743,79.5550926993973,529.8289845339847,51.59055118110236
VT,2024,Counselor / MFT,36,13,670.0,7689.0,1396985.16,653109.4299999999,503936.1699999999,Vermont,Northeast,646521,5.568264603933979,65.53988425022759,752.1435373134327,18.61111111111111
IA,2024,Social Worker,223,31,5352.0,46972.0,7928968.33,3783497.3799999994,2828960.88,Iowa,Midwest,3230454,6.903054493269367,60.22653666013795,528.5801345291479,24.0
TN,2024,Psychologist,180,1,12631.0,85563.0,16606825.079999998,7729252.15,5938076.649999999,Tennessee,South,7251291,2.482316597141116,69.4000520084616,470.11928192542155,70.17222222222222
OR,2024,Psychologist,180,1,6176.0,49251.0,10485012.620000001,4445998.62,3390780.58,Oregon,West,4265324,4.22007800579745,68.84693874236056,549.0253529792747,34.31111111111111
MS,2024,Psychiatry,88,3,9198.0,45503.0,8800101.33,3976833.06,2974619.13,Mississippi,South,2950172,2.9828769305654044,65.3719343779531,323.39847031963467,104.52272727272727
NE,2024,Psychologist,57,2,2085.0,20139.0,4383652.26,1768297.6900000002,1344290.27,Nebraska,Midwest,2005591,2.84205503514924,66.75059685187944,644.7435347721822,36.578947368421055
NC,2024,Counselor / MFT,116,11,2894.0,12168.0,2333694.48,1006712.2500000002,781261.8999999999,North Carolina,South,11052061,1.049577992738187,64.20627054569361,269.9591914305459,24.948275862068964
ND,2024,Social Worker,53,6,1069.0,8775.0,1860521.9700000002,741437.0,555448.4600000001,North Dakota,Midwest,793387,6.6802203716471285,63.29896980056981,519.5963143124416,20.169811320754718
AL,2024,Social Worker,106,5,3883.0,21223.8,3811951.39,1708826.25,1275770.52,Alabama,South,5163055,2.053048050040141,60.11037231786956,328.5527993819212,36.632075471698116
DC,2019,Psychiatry,121,0,8926.0,49618.0,6349556.479999999,3474501.0500000007,2622723.1899999995,District of Columbia,South,705749,17.144905625087674,52.85830122133096,293.8296202106206,73.76859504132231
MT,2019,Psychologist,53,8,2273.0,17982.1,2566884.05,1616791.2300000002,1254145.69,Montana,West,1068778,4.958934409203782,69.74411720544319,551.7578926528817,42.886792452830186
UT,2019,Psychologist,115,4,4824.0,32112.5,4940933.190000001,2721518.2699999996,2092575.05,Utah,West,3205958,3.5870713215831276,65.16387855196575,433.784214344942,41.947826086956525
VT,2019,Psychiatry,100,23,7012.0,43052.5,6678283.2299999995,3621856.3600000003,2714703.74,Vermont,Northeast,623989,16.02592353390845,63.05565855641369,387.15113234455225,70.12
ME,2019,Psychiatry,149,23,11901.0,54937.0,9980742.32,4343338.3100000005,3272842.26,Maine,Northeast,1344212,11.084561066260381,59.574462748238886,275.00565162591374,79.87248322147651
SC,2019,Psychiatry,351,2,44087.0,202013.0,28989148.01,15518986.019999998,11463503.710000005,South Carolina,South,5148714,6.817236304055731,56.7463663724612,260.02004468437417,125.6039886039886
NE,2019,Psychologist,88,5,4114.0,34640.8,6606987.460000001,3014044.4000000004,2313231.86,Nebraska,Midwest,1934408,4.549195412756771,66.77766852959515,562.2829022848808,46.75
VT,2021,Psychologist,59,20,1984.0,24048.0,3707127.27,2702419.23,2083039.0599999996,Vermont,Northeast,647238,9.115657609720072,86.62005405854956,1049.918881048387,33.6271186440678
NH,2021,Psychiatry,155,12,18210.0,99736.0,15641504.220000003,9797998.68,7414826.709999999,New Hampshire,Northeast,1387907,11.167895255229638,74.34453667682682,407.18433333333326,117.48387096774194
NV,2021,Social Worker,89,0,2208.0,22319.0,3631053.15,2140789.33,1651620.9,Nevada,West,3148472,2.8267680322391304,74.00066759263407,748.0167119565217,24.808988764044944
DC,2021,Psychologist,29,0,1156.0,10225.0,1830892.46,1077454.3399999999,841990.0,District of Columbia,South,669637,4.330704545895761,82.34621026894865,728.3650519031141,39.86206896551724
VT,2022,Psychologist,47,17,1698.0,19777.0,3145884.4,2128827.65,1626253.75,Vermont,Northeast,647614,7.257409506279975,82.2295469484755,957.7466136631331,36.12765957446808
WY,2022,Psychiatry,17,4,926.0,5896.0,1047312.49,409311.69000000006,306417.13000000006,Wyoming,West,581742,2.9222576331088352,51.97034090909092,330.9040280777538,54.470588235294116
ID,2022,Psychiatry,68,3,4389.0,19891.0,3797203.42,1703662.5899999999,1267974.53,Idaho,West,1942951,3.499830927285351,63.74614297923684,288.8982752335384,64.54411764705883
SD,2022,Psychologist,47,1,1636.0,17288.5,2594096.4299999997,1663214.2699999998,1265244.71,South Dakota,Midwest,909156,5.169629854502418,73.18418081383578,773.3769621026895,34.808510638297875
NM,2024,Counselor / MFT,18,1,341.0,2493.0,455126.99,203117.1,158051.74,New Mexico,West,2126774,0.8463522687412955,63.39821099077417,463.49483870967737,18.944444444444443
HI,2024,Counselor / MFT,3,0,66.0,200.0,60613.0,18271.82,14191.65,Hawaii,West,1434952,0.20906622660548924,70.95824999999999,215.025,22.0
CA,2020,Psychologist,1675,19,84855.0,1016221.0,180918718.27,104138070.86000001,81399495.80000001,California,West,39527808,4.237523112842483,80.10019060814528,959.2775416887633,50.659701492537316
NE,2020,Social Worker,122,12,2965.0,32549.0,4976999.29,2506626.3199999994,1879547.13,Nebraska,Midwest,1963318,6.213970431687582,57.74515745491413,633.91134232715,24.30327868852459
NH,2020,Psychologist,105,9,3953.0,38049.0,5508982.91,3890518.9299999997,3000492.3800000004,New Hampshire,Northeast,1378752,7.615582787912547,78.85863964887383,759.0418365798129,37.647619047619045
TX,2020,Psychologist,752,3,55063.0,453477.0,69280389.16999999,39855160.610000014,30914843.550000004,Texas,South,29237895,2.572004585145408,68.17290303587615,561.4449548698764,73.22207446808511
AZ,2020,Social Worker,174,7,4642.0,37438.0,6296734.24,3274476.84,2485410.04,Arizona,West,7186647,2.4211569039080394,66.38736150435386,535.417931925894,26.67816091954023
PA,2020,Psychologist,784,3,38612.0,296501.5,46396837.54,30485630.35,23628007.28,Pennsylvania,Northeast,12995576,6.032822246586069,79.68933472511944,611.9343022894437,49.25
IL,2020,Psychologist,721,4,34275.0,329417.2,58357891.83,31387779.560000002,24464928.369999997,Illinois,Midwest,12795348,5.634860419583743,74.26730714121787,713.7834681254558,47.53814147018031
LA,2020,Psychiatry,256,4,32273.0,147545.0,21926021.450000003,11443085.67,8642461.13,Louisiana,South,4652145,5.502837938198401,58.57508644820225,267.79230719177025,126.06640625
NJ,2020,Psychiatry,730,0,77930.0,415795.0,74448006.30000001,36704949.08999999,27919313.66,New Jersey,Northeast,9270476,7.874460815172813,67.14682393968181,358.2614353907353,106.75342465753425
IA,2020,Social Worker,295,54,8760.0,69456.2,10611323.58,5118500.4,3777508.430000001,Iowa,Midwest,3191081,9.244516199996177,54.38691477506689,431.22242351598186,29.694915254237287
AL,2020,Psychiatry,218,1,29172.0,170793.5,20547600.439999998,12929177.840000002,9648099.12,Alabama,South,5032962,4.331445379480314,56.48984955516457,330.73149321266965,133.8165137614679
OH,2020,Social Worker,618,19,16539.0,126634.0,17994409.48,10091590.59,7602747.49,Ohio,Midwest,11798534,5.237938882915453,60.03717398171108,459.68604450087673,26.762135922330096
NM,2020,Psychologist,126,6,3622.0,28516.0,4673335.42,2762136.54,2096163.2299999997,New Mexico,West,2118446,5.947756043817025,73.5083191892271,578.7308752070678,28.746031746031747
KS,2020,Psychologist,148,3,7104.0,51699.5,8613640.42,4896257.290000001,3742860.08,Kansas,Midwest,2938274,5.036970684149947,72.39644638729581,526.8665653153154,48.0
RI,2020,Social Worker,137,0,3473.0,28350.5,4091243.7,2184858.94,1651589.1900000004,Rhode Island,Northeast,1096487,12.494448178592176,58.256086841501926,475.55116325943,25.35036496350365
DC,2020,Social Worker,31,0,846.0,7851.0,1168930.94,697606.24,538669.64,District of Columbia,South,670958,4.620259390304609,68.61159597503503,636.7253427895981,27.29032258064516
SD,2020,Psychiatry,49,2,6270.0,24292.0,3246493.6100000003,2092954.9399999995,1549300.69,South Dakota,Midwest,887808,5.519211361014994,63.77822698830891,247.09739872408292,127.95918367346938
OK,2020,Psychologist,100,3,5529.0,45939.5,6609819.67,4156870.1799999997,3222209.33,Oklahoma,South,3965243,2.5219135372031425,70.14027862732507,582.7833839754024,55.29
NY,2021,Social Worker,1622,69,43224.0,625316.5,94603508.1,53294310.910000026,41230517.94000001,New York,Northeast,19835345,8.177321846431207,65.93543899769159,953.880204053304,26.64858199753391
IN,2021,Psychologist,257,5,20665.0,128202.0,17768366.689999998,10436085.26,8001086.370000002,Indiana,Midwest,6814223,3.771523180265747,62.40999648991437,387.1805647229616,80.40856031128405
TN,2021,Social Worker,251,22,8561.0,68614.0,8840034.74,5085792.79,3841915.1800000016,Tennessee,South,6966687,3.602860297871858,55.99316728364476,448.76944048592475,34.10756972111554
AZ,2021,Psychologist,241,3,13766.0,123811.0,18984861.42,11237791.169999998,8774305.63,Arizona,West,7274022,3.313160174659906,70.86854665578988,637.3896287955833,57.12033195020747
GA,2021,Psychologist,212,10,9379.0,84224.0,14642061.48,8649242.379999999,6710980.77,Georgia,South,10793038,1.9642291632809965,79.68014782009878,715.5326548672566,44.240566037735846
VA,2021,Psychologist,296,11,13698.0,124468.0,20863001.36,11826543.419999998,9165888.819999997,Virginia,South,8660007,3.4180110939864137,73.64052463283733,669.1406643305589,46.277027027027025
OK,2021,Psychiatry,209,9,24504.0,130339.0,18320261.869999997,11138025.3,8283738.000000002,Oklahoma,South,3992760,5.234474398661577,63.555328796446204,338.0565621939276,117.24401913875599
NJ,2021,Psychiatry,722,0,71637.0,396949.1,78364114.80999999,39750227.54000001,30387421.11,New Jersey,Northeast,9266509,7.7914994740737855,76.55243735279915,424.1861204405545,99.2202216066482
MO,2021,Psychologist,278,18,11365.0,86842.5,14178867.030000001,8587392.870000001,6639242.34,Missouri,Midwest,6172551,4.503810499095107,76.45153398393643,584.183223933128,40.881294964028775
DE,2021,Psychologist,70,1,4404.0,27282.0,4274951.14,2902252.24,2264434.25,Delaware,South,1005130,6.964273278083432,83.0010354812697,514.1767143505904,62.91428571428571
KY,2021,Social Worker,311,51,11345.0,72481.0,11238392.57,5623116.799999999,4180966.410000001,Kentucky,South,4508348,6.898313972213325,57.68361929333206,368.5294323490525,36.47909967845659
CT,2021,Social Worker,539,7,19089.0,156322.0,22878906.38,11721927.38,9037585.030000003,Connecticut,Northeast,3607765,14.939997477662763,57.81390354524637,473.44465556079433,35.41558441558441
WY,2021,Psychologist,30,5,1056.0,10441.0,1636757.23,1096685.8599999999,844459.11,Wyoming,West,579662,5.175429819446505,80.87914088688822,799.6771875,35.2
NE,2021,Psychiatry,105,0,10748.0,51232.0,10923899.469999999,4576714.1,3418776.04,Nebraska,Midwest,1964697,5.344335538762466,66.73126249219239,318.08485671752885,102.36190476190477
HI,2021,Psychiatry,80,0,3812.0,30534.0,4592121.040000001,2503460.98,1867649.29,Hawaii,West,1446909,5.529027741205563,61.16621765900308,489.9394779643232,47.65
IA,2021,Psychologist,108,8,5021.0,34113.0,6733642.25,3027977.5299999993,2306617.0,Iowa,Midwest,3199037,3.3760159698059136,67.61694955002491,459.39394542919734,46.49074074074074
KS,2022,Psychiatry,152,7,17916.0,85335.0,13557785.79,7160575.66,5311396.81,Kansas,Midwest,2938034,5.17352760383304,62.24171570867756,296.4610856217906,117.86842105263158
IN,2022,Social Worker,484,29,17467.0,134093.0,16569752.48,8260259.33,6106778.549999999,Indiana,Midwest,6841491,7.074481279007748,45.54136718546083,349.6180540447701,36.08884297520661
PA,2022,Psychiatry,1137,17,97440.0,513699.0,83489897.49000001,45966198.28000001,34335207.07999995,Pennsylvania,Northeast,12984655,8.756489872083625,66.83915499154165,352.37281486042644,85.69920844327177
NY,2022,Social Worker,1555,60,47092.0,609999.0,94245399.68,51636187.06000003,39824607.25000001,New York,Northeast,19713025,7.888185603173536,65.28634842024333,845.6767019875989,30.284244372990354
GA,2022,Social Worker,290,5,10317.0,121862.0,18459091.09,9109044.23,7002246.33,Georgia,South,10929992,2.653249883439988,57.460457977056016,678.7095405641174,35.57586206896552
IL,2022,Psychologist,669,2,29420.0,311653.7,57350658.74000001,31514678.890000008,24479394.049999982,Illinois,Midwest,12609577,5.30549121512958,78.5467782028578,832.0664191026507,43.97608370702541
CA,2022,Psychologist,1550,15,81347.0,976636.9,192672607.27,107343248.01999998,83751790.19000003,California,West,39125347,3.961626206152242,85.75529983558887,1029.5621250937345,52.48193548387097
OH,2022,Psychologist,507,8,21417.0,135607.0,24871413.729999997,13590089.98,10376718.719999999,Ohio,Midwest,11764950,4.3094105797304705,76.52052416173206,484.5085081944249,42.24260355029586
MI,2022,Social Worker,867,48,24079.0,221338.6,31690828.660000004,16936469.150000002,12882247.170000002,Michigan,Midwest,10043906,8.632099902169534,58.20153904470346,534.9992595207443,27.77277970011534
WA,2022,Social Worker,203,13,4585.0,40472.0,7321570.93,3967513.5199999996,2987047.1799999997,Washington,West,7786828,2.6069665337413386,73.80527722870131,651.482482006543,22.586206896551722
MD,2022,Social Worker,642,12,19070.0,202488.0,30371079.939999998,17857831.640000004,13605884.749999996,Maryland,South,6183257,10.382877502908256,67.1935361601675,713.4706213948608,29.70404984423676
CO,2022,Psychologist,249,7,9701.0,89875.0,16123190.939999998,9176460.069999998,7105101.769999999,Colorado,West,5853355,4.253970586099767,79.05537435326842,732.4092124523244,38.95983935742972
NC,2022,Psychiatry,697,13,59229.0,276708.0,56390057.06,24285187.639999993,17958929.059999987,North Carolina,South,10705768,6.510509101262048,64.90209556644545,303.21175539009585,84.97704447632712
NV,2022,Social Worker,88,0,2459.0,26154.0,5126206.41,2499907.63,1924486.72,Nevada,West,3177672,2.769322950889834,73.5828829242181,782.62981699878,27.943181818181817
LA,2022,Psychologist,83,1,4230.0,24297.0,3512419.1899999995,2053903.54,1554696.47,Louisiana,South,4600892,1.803998007342924,63.98717825245915,367.540536643026,50.963855421686745
MT,2022,Social Worker,121,25,2603.0,25524.0,4310167.63,2613359.5100000002,1976126.6799999997,Montana,West,1121533,10.788804252750475,77.42229587838895,759.1727545140221,21.512396694214875
ME,2022,Psychiatry,128,21,7513.0,35541.0,7651523.219999999,3115453.6100000003,2320754.4,Maine,Northeast,1391585,9.19814456177668,65.29794884780956,308.89849594037,58.6953125
DC,2022,Psychiatry,103,0,6191.0,30063.0,5858425.49,3281122.1799999997,2481753.8999999994,District of Columbia,South,674501,15.270548153375607,82.55177128031133,400.86478759489574,60.10679611650485
VA,2022,Psychologist,276,7,12590.0,117428.0,20825799.77,10942226.600000001,8414141.71,Virginia,South,8681038,3.1793432997298248,71.6536235821099,668.3194368546466,45.61594202898551
TN,2022,Psychologist,193,1,12710.0,87105.0,15849220.639999999,7894507.300000001,6043713.5600000005,Tennessee,South,7063325,2.732424176998793,69.38423236323978,475.50854130605825,65.85492227979275
AR,2022,Psychologist,64,2,4594.0,40839.0,6403607.77,3360559.07,2576285.34,Arkansas,South,3047429,2.1001309628542617,63.083947697054285,560.7935002176752,71.78125
MN,2019,Social Worker,572,54,17017.0,113545.0,21752411.14,8895059.810000002,6686099.1899999995,Minnesota,Midwest,5639632,10.142505752148367,58.88501642520586,392.9070453076335,29.75
PA,2019,Psychologist,853,2,45757.0,333873.1,50300922.61,32737279.92,25353674.970000003,Pennsylvania,Northeast,12801989,6.663027128050181,75.93805841201343,554.0939084730206,53.642438452520516
NC,2019,Psychologist,427,6,22747.0,180183.1,28125395.669999994,16270999.919999998,12521079.080000006,North Carolina,South,10488084,4.071286995794465,69.49086279456844,550.4496891897835,53.27166276346604
NY,2019,Psychiatry,2287,29,238800.0,1332271.5,237962453.52000004,113341850.7599999,86722398.36999996,New York,Northeast,19453561,11.756202373436926,65.09363772324181,363.15912215242867,104.41626585045911
CA,2019,Psychiatry,2195,16,228236.0,1553538.4,297502863.49,128057795.94000009,97714536.92000008,California,West,39512223,5.55524299404769,62.89805061786698,428.1293788885192,103.97995444191343
MO,2019,Psychiatry,477,27,62547.0,329556.0,42509328.14999999,22503401.29,16750900.529999994,Missouri,Midwest,6137428,7.771985268096016,50.82869233150055,267.8130130941531,131.125786163522
IN,2023,Social Worker,459,25,16726.0,138006.0,17514368.73,8255407.909999996,6197991.94,Indiana,Midwest,6881373,6.670180500315853,44.91103241888034,370.56032165490853,36.4400871459695
WI,2023,Psychiatry,383,14,25165.0,132889.0,29985358.520000003,10472530.59,7607146.780000001,Wisconsin,Midwest,5930350,6.4583034728135775,57.24436770537818,302.2907522352474,65.70496083550914
NC,2023,Social Worker,733,39,21001.0,170687.0,30439608.99,14191280.780000001,10707455.890000008,North Carolina,South,10871849,6.742183413327393,62.73152548231563,509.8545731155663,28.65075034106412
NY,2023,Psychiatry,2043,19,171396.0,1065642.6,225078930.70999992,106553453.21000001,81747135.84,New York,Northeast,19786543,10.325199303385133,76.71158776873222,476.9489126934118,83.89427312775331
UT,2023,Psychiatry,133,1,6048.0,40294.0,7394010.86,2991395.7100000004,2240485.56,Utah,West,3449259,3.8559006441673414,55.603453615922966,370.4506547619048,45.473684210526315
PA,2023,Social Worker,670,21,21102.0,178123.0,28934141.94,14941841.620000001,11358848.400000004,Pennsylvania,Northeast,13009406,5.150119844057445,63.76968948423283,538.2830253056584,31.4955223880597
NJ,2023,Social Worker,809,0,25908.0,323310.0,55431382.35000001,26811281.370000012,20763683.4,New Jersey,Northeast,9395315,8.610674575573038,64.2222121184003,801.4390690134321,32.02472187886279
CA,2023,Social Worker,737,23,17823.0,218577.0,41248564.599999994,21465947.10000001,16512963.409999998,California,West,39181667,1.8809817356673466,75.54758007475625,926.4974140155978,24.1831750339213
FL,2023,Psychologist,910,3,64700.0,535630.5,102260695.84,53323997.839999996,41541657.82000001,Florida,South,22929248,3.9687302435736225,77.5565577763029,642.0658086553324,71.0989010989011
DE,2023,Social Worker,113,3,2622.0,29808.0,4773018.67,2670592.6399999997,2021735.2100000004,Delaware,South,1035354,10.914141443409694,67.82525530059046,771.0660602593442,23.20353982300885
AL,2023,Psychiatry,225,4,21739.0,123826.0,17852763.91,10062456.85,7557445.93,Alabama,South,5117850,4.396377385034731,61.03278737906417,347.64459864759186,96.61777777777777
OR,2023,Psychologist,187,2,6639.0,51973.0,10279945.91,4663449.39,3553687.63,Oregon,West,4250392,4.399594202134768,68.37564947184114,535.2745338153336,35.50267379679144
SD,2023,Social Worker,64,5,1596.0,12548.0,2291267.4799999995,1122836.7,841496.26,South Dakota,Midwest,917739,6.973660267243737,67.0621820210392,527.2532957393483,24.9375
AZ,2023,Psychologist,240,5,15347.0,135080.5,24026981.580000002,11508342.84,8917359.100000001,Arizona,West,7452073,3.220580367368919,66.01514726403886,581.0490063204536,63.94583333333333
ID,2023,Psychiatry,68,2,4268.0,18255.0,3475018.6100000003,1570208.4900000002,1180554.19,Idaho,West,1970497,3.4509060404557834,64.67018296357162,276.6059489222118,62.76470588235294
NM,2023,Psychologist,92,1,2970.0,26141.0,4631404.99,2562222.03,1953739.3399999999,New Mexico,West,2119349,4.340955642510979,74.73850809073868,657.8246936026935,32.28260869565217
AK,2023,Psychiatry,49,1,1760.0,10863.0,3271384.6000000006,1403794.8399999999,1049452.2400000002,Alaska,West,734654,6.669806466717666,96.60795728620089,596.279681818182,35.91836734693877
VT,2023,Psychiatry,88,13,4567.0,33371.0,5367325.880000001,2434138.4,1813757.4,Vermont,Northeast,647722,13.586075507702379,54.35130502532138,397.1441646595139,51.89772727272727
OK,2023,Psychologist,86,2,4686.0,39888.0,6368784.78,3675194.64,2831892.2600000002,Oklahoma,South,4062716,2.116810527735633,70.99609556758925,604.3304011950491,54.48837209302326
GA,2024,Psychiatry,432,3,38111.0,292998.0,49100398.99999999,19259503.039999995,14362612.940000001,Georgia,South,11204208,3.855694217743905,49.01949139584571,376.8626627482879,88.2199074074074
OH,2024,Social Worker,524,10,13589.0,106621.0,20287747.829999994,9244464.689999998,6944036.9799999995,Ohio,Midwest,11860621,4.417981149553636,65.12822971084495,511.00426668629035,25.93320610687023
PA,2024,Counselor / MFT,138,2,4296.0,21188.0,3631741.8299999996,1717424.51,1345468.68,Pennsylvania,Northeast,13045848,1.057807817475721,63.50144798942797,313.19103351955306,31.130434782608695
NY,2024,Counselor / MFT,124,10,5721.0,30215.0,4777952.119999999,2366796.3699999996,1862926.7000000002,New York,Northeast,20001419,0.6199560141207981,61.65569088201225,325.6295577696207,46.13709677419355
VA,2024,Social Worker,451,27,10714.0,104573.0,17728651.73,9803203.59,7394207.77,Virginia,South,8819642,5.11358624306973,70.70857458426171,690.1444623856636,23.75609756097561
FL,2024,Social Worker,945,10,30646.0,325633.0,58958035.81999999,30449056.189999986,23529913.24999999,Florida,South,23265838,4.061749247974649,72.25899478861169,767.7972084448212,32.42962962962963
CA,2024,Social Worker,736,18,18754.0,230290.0,45681034.17,23363402.12,17969885.35,California,West,39364774,1.8696919230375868,78.0315486994659,958.1894715793965,25.480978260869566
ID,2024,Social Worker,107,11,2312.0,21435.0,3622674.98,1863723.1899999997,1403384.54,Idaho,West,2000872,5.347668416570375,65.47163704222066,607.0002335640139,21.60747663551402
UT,2024,Psychiatry,148,1,6611.0,40042.0,9316246.11,3372866.7699999996,2539683.4299999997,Utah,West,3502983,4.224970546531342,63.4254889865641,384.1602526092875,44.66891891891892
NH,2024,Social Worker,165,16,4407.0,41152.0,6814088.640000001,3679572.3899999997,2771405.620000001,New Hampshire,Northeast,1408518,11.714440284043228,67.34558757776053,628.8644474699345,26.70909090909091
WI,2024,Counselor / MFT,72,11,1167.0,7297.0,1965298.4,605468.01,463003.47000000003,Wisconsin,Midwest,5957168,1.2086279923614711,63.45120871591065,396.7467609254499,16.208333333333332
KY,2024,Psychologist,84,5,4325.0,32565.0,5858970.630000001,2776633.5200000005,2131877.1599999997,Kentucky,South,4584046,1.832442344601254,65.46528972823583,492.9195745664739,51.48809523809524
MO,2024,Psychiatry,404,14,30842.0,139520.0,27413189.42,12685634.760000005,9331159.48,Missouri,Midwest,6243544,6.470683957700947,66.8804435206422,302.5471590688023,76.34158415841584
WA,2024,Psychologist,233,8,8208.0,70473.0,15231771.930000002,7534082.84,5817136.120000001,Washington,West,7927958,2.9389661246944043,82.54418174336273,708.7154142300196,35.227467811158796
AR,2024,Social Worker,198,24,5871.0,50912.0,9110955.21,4112589.500000001,3077989.9,Arkansas,South,3096080,6.395183586987416,60.4570612036455,524.2701243399762,29.651515151515152
MN,2024,Psychologist,393,23,11690.0,91695.0,23553428.360000003,8611674.700000003,6545516.31,Minnesota,Midwest,5797405,6.778895040108463,71.38356846065761,559.9244063301967,29.74554707379135
OK,2024,Counselor / MFT,101,13,2159.0,18210.0,2166192.06,1313189.2299999997,1030343.5599999998,Oklahoma,South,4097758,2.46476243838704,56.58119494783085,477.2318480778137,21.376237623762375
AK,2024,Psychologist,21,1,698.0,7522.0,2688617.9,1024360.8200000001,791279.7000000001,Alaska,West,736537,2.8511805924210187,105.19538686519543,1133.6385386819486,33.23809523809524
MT,2024,Psychologist,34,3,1220.0,10682.0,1924745.47,1095895.4800000002,844687.03,Montana,West,1137557,2.988861217503826,79.07573768957124,692.3664180327869,35.88235294117647
WY,2024,Psychologist,22,4,737.0,7730.0,1839947.1400000001,795679.67,605930.4,Wyoming,West,586722,3.7496463401747335,78.38685640362226,822.1579375848033,33.5
DE,2024,Psychiatry,71,2,7143.0,38869.0,7224981.260000002,3827884.14,2894780.2499999995,Delaware,South,1050123,6.761112745840249,74.47529522241373,405.2611297774044,100.6056338028169
CO,2019,Social Worker,349,23,9134.0,79648.1,12316688.419999998,6165895.479999999,4704676.3500000015,Colorado,West,5758736,6.060357689604108,59.06828097594294,515.0729527041823,26.171919770773638
KY,2019,Psychologist,122,11,7712.0,54606.0,8832867.61,4454958.58,3441715.9,Kentucky,South,4467673,2.730728054627096,63.028163571768665,446.280588692946,63.21311475409836
RI,2019,Psychiatry,168,0,15218.0,110271.0,14954169.090000002,7256983.82,5527558.5600000005,Rhode Island,Northeast,1059361,15.858616656644902,50.1270375710749,363.22503351294523,90.58333333333333
GA,2019,Social Worker,362,9,16074.0,148358.0,20881602.059999995,9952708.339999996,7621026.289999997,Georgia,South,10617423,3.409490231292471,51.36916303805658,474.1213319646633,44.40331491712707
WV,2019,Social Worker,61,5,1992.0,13626.0,2128687.24,952525.3099999998,709956.6599999999,West Virginia,South,1792147,3.4037386442071997,52.1030867459269,356.4039457831325,32.65573770491803
ND,2019,Psychiatry,60,1,6761.0,23044.0,5038380.47,1849533.4000000004,1373288.92,North Dakota,Midwest,762062,7.873375132207091,59.59420760284672,203.1192013015826,112.68333333333334
KS,2019,Psychologist,158,7,8327.0,55934.5,9342023.09,5252111.559999999,4032274.230000001,Kansas,Midwest,2913314,5.42337695147176,72.08921560038976,484.24093070733767,52.70253164556962
AZ,2019,Social Worker,181,9,5420.0,40572.0,6650668.869999999,3513340.4000000004,2677011.67,Arizona,West,7278717,2.486701983330304,65.98175268658187,493.9135922509225,29.944751381215468
SD,2019,Social Worker,76,4,2328.0,19994.0,2984581.5,1549628.54,1170029.2000000002,South Dakota,Midwest,884659,8.590880780051975,58.51901570471142,502.5898625429554,30.63157894736842
ID,2021,Social Worker,112,11,2300.0,23745.0,3434340.1799999997,1932176.4100000001,1469041.8499999999,Idaho,West,1904855,5.8797126290452555,61.867418403874495,638.7138478260869,20.535714285714285
WV,2021,Social Worker,52,5,1552.0,11598.0,1874736.25,945658.75,709512.88,West Virginia,South,1785921,2.911662945897383,61.17545093981721,457.16036082474227,29.846153846153847
MT,2021,Psychologist,41,8,1506.0,13951.5,2248392.01,1405000.78,1088576.06,Montana,West,1106416,3.7056586311116253,78.0257363007562,722.826069057105,36.73170731707317
AK,2021,Psychiatry,45,1,2307.0,12957.0,3595748.7699999996,1639004.6400000001,1230545.73,Alaska,West,734590,6.125866129405519,94.97150034730261,533.3965019505852,51.266666666666666
SD,2024,Counselor / MFT,19,1,380.0,3018.0,560903.99,282970.98,221059.56999999998,South Dakota,Midwest,927110,2.0493792538102276,73.24704108681244,581.7357105263158,20.0
WV,2024,Counselor / MFT,14,2,274.0,1166.0,260387.83,101532.38999999998,78272.16,West Virginia,South,1767402,0.7921231276189571,67.128782161235,285.6648175182482,19.571428571428573
WY,2019,Psychiatry,23,4,2195.0,11867.0,2452948.81,990073.6,742995.0800000001,Wyoming,West,578759,3.9740202744147393,62.61018623072386,338.49434168564926,95.43478260869566
CO,2020,Psychiatry,296,6,18261.0,91636.0,18516771.130000003,7777572.26,5807206.389999999,Colorado,West,5786873,5.115024988452313,63.37254343271202,318.01141175182073,61.692567567567565
MD,2020,Psychiatry,551,3,58353.0,317768.3,49361387.14,28959042.45999999,21824505.930000003,Maryland,South,6178387,8.91818528039762,68.68056357415136,374.00829314688195,105.9038112522686
VT,2020,Social Worker,129,53,2820.0,44493.0,5597863.619999999,3711993.4300000006,2829226.7199999997,Vermont,Northeast,642965,20.06330049069545,63.58813116670037,1003.2718865248225,21.86046511627907
ME,2020,Psychiatry,141,21,10100.0,47173.0,9424950.18,3845719.59,2887393.4799999995,Maine,Northeast,1364546,10.333107128671367,61.208604074364565,285.8805425742574,71.63120567375887
MT,2020,Social Worker,127,30,3279.0,28483.0,4346083.49,2550593.62,1934075.4499999997,Montana,West,1087156,11.68185614576013,67.90279991573921,589.8369777371149,25.818897637795274
OR,2020,Psychiatry,246,1,12419.0,59166.0,13462395.379999999,5041795.120000001,3764356.1799999997,Oregon,West,4243544,5.797041340916932,63.62363823817733,303.11266446573796,50.483739837398375
FL,2020,Social Worker,1007,9,31415.0,371183.0,57329330.49000001,32734835.310000002,25346807.95999998,Florida,South,21591325,4.663910158362213,68.28655396394764,806.8377513926462,31.196623634558094
HI,2020,Psychiatry,85,0,4097.0,29618.0,4963972.65,2555092.0199999996,1897880.71,Hawaii,West,1451130,5.857504151936767,64.07862482274292,463.23668782035634,48.2
VA,2020,Social Worker,508,38,13750.0,123981.0,15974003.16,9956057.989999996,7524345.630000002,Virginia,South,8637303,5.881465545437042,60.68950589203186,547.2251367272729,27.066929133858267
IN,2020,Psychiatry,345,4,42349.0,234961.0,28636145.520000003,14322199.049999999,10626064.100000001,Indiana,Midwest,6790290,5.08078447312265,45.22479943479983,250.9165293159225,122.75072463768116
MI,2020,Psychologist,477,15,26492.0,161667.0,29076615.360000003,16264565.280000001,12495565.909999996,Michigan,Midwest,10072294,4.735763272994215,77.2920009030909,471.67318096028976,55.538784067085956
MN,2020,Social Worker,544,48,14325.0,121407.0,22582464.099999994,8847460.0,6643794.469999999,Minnesota,Midwest,5710562,9.526207753282426,54.72332295501906,463.79018987783587,26.332720588235293
WY,2020,Social Worker,63,10,1767.0,20784.5,2581214.88,1642118.5600000003,1242770.6300000001,Wyoming,West,577669,10.905899399136876,59.79314537275374,703.3223712507075,28.047619047619047
WV,2020,Psychiatry,147,10,18755.0,87753.0,13188279.45,6642973.979999999,4802559.4,West Virginia,South,1791670,8.204635898351818,54.72815060453774,256.0682164756065,127.58503401360544
UT,2020,Psychiatry,140,0,7450.0,44358.0,7296251.48,3142005.0199999996,2372580.4000000004,Utah,West,3283970,4.26313273263763,53.48709139275893,318.46716778523495,53.214285714285715
DE,2020,Social Worker,115,5,3269.0,35986.5,4683368.43,2968379.21,2247962.11,Delaware,South,991890,11.594027563540312,62.466817000819745,687.6604802691954,28.42608695652174
MS,2020,Psychologist,47,2,2629.0,18273.0,2943351.8200000003,1494219.75,1149148.04,Mississippi,South,2958385,1.588704647975162,62.88776008318284,437.1046177253709,55.93617021276596
NC,2021,Psychiatry,712,13,65794.0,335172.0,59390630.160000004,28358424.77,21267953.810000002,North Carolina,South,10565503,6.738912477711662,63.453849993436215,323.2506582667113,92.40730337078652
WI,2021,Psychiatry,409,16,32419.0,254171.0,33285052.57999999,13213837.739999998,9691060.150000002,Wisconsin,Midwest,5882128,6.953265892887744,38.12811119285836,298.9314954193529,79.26405867970661
TX,2021,Psychiatry,1102,10,104864.0,558466.0,103774628.73000002,51845849.95999999,38994631.20999998,Texas,South,29572672,3.7264133589281347,69.8245393810903,371.8590861496794,95.15789473684211
MD,2021,Psychologist,234,3,19095.0,135929.1,21400625.859999996,14651367.420000002,11460955.84,Maryland,South,6176035,3.7888386319054215,84.31568987067523,600.2071662738937,81.6025641025641
ME,2021,Social Worker,246,61,5577.0,59331.0,8918156.56,5082133.91,3864402.09,Maine,Northeast,1379009,17.838897353099217,65.13293371087627,692.9177138246368,22.670731707317074
NM,2021,Psychiatry,112,2,7697.0,36563.0,6391894.8100000005,3314087.8200000003,2493266.3000000003,New Mexico,West,2117300,5.289755821092902,68.19096627738425,323.9270235156555,68.72321428571429
SC,2021,Psychiatry,353,2,34452.0,159181.0,25421611.519999996,13809311.409999996,10200946.190000001,South Carolina,South,5194346,6.795850719224326,64.0839433726387,296.0915531754325,97.59773371104816
NH,2021,Psychologist,94,6,3802.0,35626.0,5122275.35,3808463.540000001,2940910.1900000004,New Hampshire,Northeast,1387907,6.772788090268296,82.54954780216697,773.5166201998949,40.4468085106383
IL,2021,Psychiatry,752,7,87697.0,517744.3,84284611.03999999,45469878.59000001,34341708.64999998,Illinois,Midwest,12703354,5.9196964833066925,66.32947702176534,391.59502206460866,116.61835106382979
FL,2021,Psychologist,974,3,67582.0,587262.5,104513291.26000002,62222890.12999999,48796594.22999999,Florida,South,21836698,4.460381326883763,83.09162296247418,722.0353678494272,69.38603696098562
MI,2021,Psychiatry,755,27,73241.0,397829.5,58273810.56,34061908.39999999,25662779.80999999,Michigan,Midwest,10042362,7.51815160616596,64.50698052809052,350.3881679660298,97.00794701986754
CO,2021,Social Worker,321,25,7055.0,65502.0,11685440.510000002,6197362.260000001,4763961.57,Colorado,West,5814368,5.52080638858772,72.73001694604746,675.2603217576187,21.978193146417446
DC,2021,Psychiatry,104,0,6768.0,32696.0,5571000.8,3358863.2100000004,2555427.0199999996,District of Columbia,South,669637,15.530802509419283,78.15717580132124,377.5749143026004,65.07692307692308
PA,2021,Social Worker,663,26,18751.0,168163.5,25286511.14,14856376.150000006,11329926.969999997,Pennsylvania,Northeast,13016628,5.093485040826241,67.3744716897543,604.2305461042076,28.28205128205128
AL,2021,Social Worker,134,3,4968.0,23065.7,3005668.0500000003,1945454.0000000002,1440437.77,Alabama,South,5050058,2.6534348714410805,62.449341229618,289.94319041867954,37.07462686567164
WA,2021,Psychologist,262,9,9197.0,77339.5,14471765.82,8469860.260000002,6567445.710000001,Washington,West,7744316,3.3831264116805153,84.91709553333033,714.0856485810591,35.103053435114504
KS,2021,Social Worker,266,22,7580.0,68042.0,9666302.73,5941558.639999999,4470968.329999998,Kansas,Midwest,2938966,9.050802220917152,65.70894932541663,589.8375105540895,28.49624060150376
LA,2021,Social Worker,186,8,5052.0,37854.0,5295308.25,3398773.6,2573467.83,Louisiana,South,4628595,4.018498053945096,67.9840394674275,509.3958491686461,27.161290322580644
OR,2021,Psychiatry,234,2,11536.0,61060.0,14429286.720000003,5620718.210000001,4215500.959999999,Oregon,West,4254691,5.499811854726936,69.03866622993775,365.4213730929264,49.2991452991453
UT,2021,Social Worker,182,14,4621.0,30249.0,5349371.219999999,2593815.54,1962600.3000000003,Utah,West,3339874,5.44930736908039,64.88149360309433,424.71333044795506,25.39010989010989
SD,2021,Psychiatry,53,2,5898.0,21402.0,3098801.5700000003,2079002.9899999998,1531756.1600000001,South Dakota,Midwest,896303,5.9131789138271325,71.57070180356976,259.7077246524246,111.28301886792453
FL,2022,Social Worker,917,7,27783.0,327239.0,56225228.51,30567389.770000003,23583444.620000005,Florida,South,22413989,4.091195012186363,72.06795223063267,848.8444235683693,30.297709923664122
TX,2022,Social Worker,575,11,21933.0,244022.0,37113165.91,17717157.739999995,13615268.240000004,Texas,South,30118002,1.9091571877842362,55.79524895296328,620.7663447772765,38.14434782608696
MO,2022,Psychiatry,416,18,38224.0,179763.0,31089121.790000003,15462091.820000002,11304136.700000003,Missouri,Midwest,6179285,6.732170469560799,62.883556126677924,295.7340074298871,91.88461538461539
CT,2022,Psychiatry,405,2,31768.0,143019.0,26490400.03,13685954.699999996,10337042.590000002,Connecticut,Northeast,3618707,11.191842832260251,72.27740782693209,325.3916705489802,78.4395061728395
OR,2022,Social Worker,204,12,4516.0,38450.0,7312879.6899999995,3410725.8499999996,2561977.09,Oregon,West,4245964,4.80456263877885,66.63139375812743,567.3111359610274,22.137254901960784
MA,2022,Psychiatry,1101,10,84467.0,483152.0,105077103.69000001,47822868.830000035,36161041.960000016,Massachusetts,Northeast,7025465,15.671560530157079,74.84402829751303,428.1085152781562,76.71843778383288
NJ,2022,Psychiatry,714,0,67509.0,388477.0,84016171.06,39363324.64999999,29900339.330000013,New Jersey,Northeast,9298402,7.6787387768349875,76.96810706940182,442.90893554933433,94.55042016806723
SD,2022,Psychiatry,59,1,5563.0,20560.0,3247102.05,2013860.3199999998,1486686.4100000001,South Dakota,Midwest,909156,6.4895353492689924,72.3096502918288,267.2454449038289,94.28813559322033
IA,2022,Psychologist,100,7,4653.0,32054.0,6360040.87,2750970.33,2074209.4200000002,Iowa,Midwest,3201890,3.123155386349937,64.70984650901605,445.7789426176661,46.53
ND,2022,Social Worker,65,3,1317.0,10387.0,2004883.02,834454.7899999999,624392.64,North Dakota,Midwest,780191,8.331293234605372,60.11289496485992,474.10223234624146,20.26153846153846
VT,2022,Psychiatry,89,16,4714.0,29804.0,5603652.94,2835446.32,2125322.6700000004,Vermont,Northeast,647614,13.742754171466336,71.30998087505034,450.853345354264,52.96629213483146
WV,2022,Psychologist,71,4,3588.0,21414.0,3860838.4499999997,2055356.7200000002,1570986.9700000002,West Virginia,South,1774003,4.00224802325588,73.36261184271973,437.8447519509477,50.53521126760563
NH,2022,Social Worker,167,16,4345.0,37317.0,5743179.64,3312289.1,2492652.55,New Hampshire,Northeast,1396647,11.95720894399229,66.79670257523381,573.6829804372842,26.017964071856287
WY,2022,Psychologist,26,4,940.0,9844.5,1958353.6600000001,985089.72,753744.1099999999,Wyoming,West,581742,4.469335203578218,76.56499669866422,801.8554361702127,36.15384615384615
MS,2022,Psychologist,48,1,2044.0,14548.0,2543842.58,1355142.4899999998,1029821.0700000001,Mississippi,South,2941237,1.6319664141311971,70.78781069562827,503.82635518591,42.583333333333336
RI,2022,Psychiatry,164,0,11457.0,87314.0,13687882.010000002,6618423.840000002,5043757.629999999,Rhode Island,Northeast,1098275,14.932507796316951,57.76573779691686,440.2337112682202,69.85975609756098
AK,2022,Social Worker,17,5,431.0,4178.0,1045342.02,531815.95,410229.20999999996,Alaska,West,733659,2.317152791692053,98.1879392053614,951.8079118329465,25.352941176470587
ID,2022,Psychologist,33,1,1026.0,8872.5,1475247.15,861950.4500000001,666188.15,Idaho,West,1942951,1.698447361770832,75.08460411383489,649.3061890838206,31.09090909090909
OH,2019,Psychiatry,840,16,91143.0,441324.0,66539610.80000002,35932187.84999998,26962882.180000007,Ohio,Midwest,11689100,7.186181998614093,61.09543596088137,295.8305320211098,108.50357142857143
ME,2019,Psychologist,83,14,3080.0,29525.5,4165682.12,2318897.57,1789890.4599999995,Maine,Northeast,1344212,6.1746212650980645,60.6218509424057,581.1332662337661,37.10843373493976
MA,2019,Social Worker,1444,11,42723.0,432973.1,62103755.06,32001756.100000013,24297088.37999999,Massachusetts,Northeast,6892503,20.950299187392446,56.11685432651588,568.7121311705637,29.58656509695291
NJ,2019,Social Worker,814,0,25285.0,278945.0,41716165.489999995,21264053.230000004,16428996.799999993,New Jersey,Northeast,8882190,9.164406525868058,58.89690369069169,649.7526913189636,31.062653562653562
FL,2019,Psychologist,1100,3,80083.0,672082.5,109588604.95000002,63724700.73000002,49727965.87000002,Florida,South,21477737,5.121582408798469,73.99086551130259,620.9553322178242,72.80272727272727
AL,2019,Social Worker,144,6,7454.0,32145.0,3861533.62,2389943.8399999994,1740414.6600000004,Alabama,South,4903185,2.936866546948565,54.14262435837612,233.48734370807625,51.763888888888886
MA,2023,Psychiatry,1073,10,77826.0,436586.0,101396223.43999998,44719861.21000001,34124016.89999999,Massachusetts,Northeast,7073479,15.16933887836523,78.16104249792708,438.46551152571107,72.53122087604847
TX,2023,Psychologist,671,3,55018.0,445413.5,74413685.52,39538805.97,30692779.289999995,Texas,South,30719247,2.1842983325730607,68.90850701651385,557.86795757752,81.99403874813711
MO,2023,Psychiatry,419,20,33681.0,152787.0,28793905.980000004,14030761.459999997,10344385.01,Missouri,Midwest,6205956,6.75157864477286,67.70461498687716,307.1282031412369,80.38424821002387
GA,2023,Social Worker,291,8,10512.0,115154.0,18382606.549999997,8822032.5,6756745.920000001,Georgia,South,11063669,2.6302305320233277,58.67573788144573,642.7650228310503,36.123711340206185
ME,2023,Psychiatry,125,17,6660.0,32702.0,7486832.409999998,2986301.02,2260537.33,Maine,Northeast,1401992,8.915885397348916,69.12535410678247,339.42001951951954,53.28
RI,2023,Social Worker,107,0,3429.0,21948.0,3545156.5799999996,1831380.04,1378834.3699999999,Rhode Island,Northeast,1101183,9.716822726104562,62.82277975214142,402.1097608632254,32.046728971962615
CO,2023,Social Worker,262,19,5158.0,51028.0,9921489.370000001,4793280.54,3645723.090000001,Colorado,West,5912240,4.431484513483891,71.44554146742966,706.8094397053123,19.68702290076336
CT,2023,Social Worker,490,6,16992.0,128297.0,19941561.68,9419728.939999998,7194677.050000001,Connecticut,Northeast,3641369,13.456477495139877,56.07829528359978,423.4155514359699,34.67755102040816
LA,2023,Psychiatry,240,6,21573.0,90603.0,15209722.729999999,8091376.57,6107275.740000001,Louisiana,South,4598777,5.218778818803347,67.4069924836926,283.09811987206234,89.8875
SC,2023,Psychologist,92,0,4742.0,40106.0,7750668.18,3804884.159999999,2936610.37,South Carolina,South,5390798,1.7066118967915325,73.22122300902609,619.2767545339519,51.54347826086956
MN,2023,Psychologist,410,26,12754.0,101974.0,25305186.199999996,9450500.860000003,7213352.529999998,Minnesota,Midwest,5752998,7.126718973307482,70.73717349520464,565.5757040928335,31.10731707317073
NH,2023,Social Worker,161,16,4181.0,37431.0,5952994.5,3236713.62,2440745.45,New Hampshire,Northeast,1401530,11.487445862735724,65.20652533995886,583.7707366658694,25.96894409937888
WY,2023,Social Worker,66,18,1716.0,18237.0,3082427.49,1669612.5699999998,1254370.05,Wyoming,West,584666,11.288496338080202,68.78160059220266,730.9848776223777,26.0
TN,2023,Psychologist,192,1,13411.0,88909.0,17152220.06,7915772.820000001,6072805.379999999,Tennessee,South,7153029,2.6841775700895383,68.30360683395381,452.8227112072179,69.84895833333333
ND,2023,Psychologist,60,0,2442.0,21425.0,3607967.0,1709365.17,1305184.84,North Dakota,Midwest,787071,7.623200448244186,60.91877899649942,534.4737264537265,40.7
VA,2023,Psychologist,263,4,12485.0,112349.5,20655260.14,10215097.850000001,7891401.590000002,Virginia,South,8732034,3.0118984877979176,70.23975709727236,632.0706119343213,47.47148288973384
MT,2023,Psychologist,39,5,1437.0,14297.0,2528380.6,1390795.5300000003,1064542.84,Montana,West,1130612,3.449459230929797,74.45917605091978,740.8092136395269,36.84615384615385
MS,2023,Social Worker,73,4,2636.0,20056.0,4171340.63,1867914.5699999998,1436493.22,Mississippi,South,2942470,2.4809088962674215,71.6241134822497,544.951904400607,36.10958904109589
NE,2023,Social Worker,106,11,2439.0,26445.0,4857010.7,2239091.27,1682483.37,Nebraska,Midwest,1988172,5.331530672396553,63.621984117980716,689.8250799507996,23.00943396226415
DC,2023,Social Worker,36,0,1052.0,11546.0,1810636.84,1030699.6400000001,797930.3,District of Columbia,South,682559,5.274269330563365,69.10880824527976,758.4888783269962,29.22222222222222
HI,2023,Psychiatry,72,1,3328.0,24113.0,5092940.56,2272421.9299999997,1683165.4100000001,Hawaii,West,1434950,5.017596431931426,69.80323518434041,505.7588371394231,46.22222222222222
IL,2024,Psychiatry,790,14,75824.0,432111.0,84649473.61000001,36823972.54999998,27619885.23,Illinois,Midwest,12703033,6.218987229270364,63.918496011441505,364.2630991506647,95.97974683544304
CO,2024,Psychiatry,281,2,15440.0,118348.0,29223863.550000004,8445100.950000003,6395671.010000001,Colorado,West,5988502,4.692325392894584,54.041225960726,414.22739702072545,54.94661921708185
CT,2024,Psychiatry,398,2,27191.0,131484.0,25342931.11,12664342.37,9621682.910000002,Connecticut,Northeast,3674449,10.831555969343976,73.17759506860152,353.855426795631,68.31909547738694
PA,2024,Social Worker,629,19,19708.0,177373.0,29994475.230000004,15583626.869999997,11891790.399999999,Pennsylvania,Northeast,13045848,4.821457370958178,67.0439717431627,603.3991475542927,31.33227344992051
TN,2024,Psychiatry,285,0,21848.0,113624.0,20873362.43,9785585.09,7282247.310000001,Tennessee,South,7251291,3.9303346121401,64.0907494015349,333.3141390516295,76.65964912280701
NE,2024,Psychiatry,101,0,7814.0,37917.0,10500040.790000001,3476896.2700000005,2593042.38,Nebraska,Midwest,2005591,5.035922079825847,68.38732969380489,331.84571026362937,77.36633663366337
NY,2024,Social Worker,1491,48,37760.0,594191.0,100126986.28999999,51742650.57999999,39999076.84999998,New York,Northeast,20001419,7.454471105275081,67.31686755605517,1059.2975860699148,25.325285043594903
NJ,2024,Psychologist,444,0,34205.0,225587.0,42886388.95,24991296.69,19581336.830000002,New Jersey,Northeast,9506354,4.670560343113669,86.80170767819068,572.4700140330361,77.03828828828829
MI,2024,Psychiatry,715,27,51160.0,306744.0,51533365.11,27033844.94000001,20249906.080000002,Michigan,Midwest,10099962,7.079234555535952,66.01565500873693,395.81520875684134,71.55244755244755
TX,2024,Psychologist,625,3,54081.0,430154.0,74807617.89,37873495.58999998,29323976.700000003,Texas,South,31318578,1.995620618535107,68.1708799639199,542.2232706495812,86.5296
WI,2024,Social Worker,319,34,6216.0,52024.0,13510286.059999999,4570887.909999999,3369337.4800000004,Wisconsin,Midwest,5957168,5.3548934661570735,64.76505997232047,542.0427091377092,19.4858934169279
MD,2024,Psychologist,235,2,17549.0,113101.0,19870335.47,12081794.53,9392690.909999996,Maryland,South,6245314,3.762821212832533,83.04693070795126,535.2265604877769,74.67659574468085
MA,2024,Psychologist,569,7,22569.0,229139.0,47590150.22,22737647.85,17562353.779999994,Massachusetts,Northeast,7138560,7.970795230410615,76.64497872470419,778.1626913022285,39.66432337434095
OK,2024,Social Worker,154,12,5186.0,76614.0,9674610.75,5607395.209999999,4245546.940000001,Oklahoma,South,4097758,3.758152628827764,55.41476675281282,818.6554068646358,33.675324675324674
VA,2024,Counselor / MFT,104,15,2187.0,10490.0,1969835.7599999998,898606.2100000002,697987.0099999999,Virginia,South,8819642,1.1791861846546605,66.53832316491896,319.15272519433006,21.028846153846153
SD,2024,Social Worker,57,5,1330.0,11307.0,2212339.02,1081483.6199999999,808421.28,South Dakota,Midwest,927110,6.148137761430682,71.49741576014858,607.8355488721804,23.333333333333332
AZ,2024,Psychiatry,302,7,21367.0,128717.0,26269763.54,11901127.279999997,9011473.53,Arizona,West,7556424,3.996599449686783,70.0099717209071,421.74725183694477,70.75165562913908
CA,2024,Counselor / MFT,199,7,4511.0,33801.0,8079288.549999999,3133725.9600000004,2448975.1999999997,California,West,39364774,0.5055281150604345,72.45274400165675,542.8896475282642,22.668341708542712
SC,2024,Psychologist,85,0,4375.0,39007.0,7470001.01,3611194.94,2777041.98,South Carolina,South,5490316,1.5481804690294694,71.19342630809855,634.7524525714285,51.470588235294116
FL,2024,Counselor / MFT,258,5,8248.0,43849.0,9101847.209999999,4011489.9899999993,3154327.1899999995,Florida,South,23265838,1.1089220169073644,71.93612602339847,382.4354013094083,31.968992248062015
OH,2024,Counselor / MFT,126,5,2433.0,16785.0,3037834.4299999997,1461552.5799999996,1134515.7000000002,Ohio,Midwest,11860621,1.0623389787094621,67.59104557640752,466.3032059186191,19.30952380952381
KS,2024,Psychiatry,143,5,14831.0,78212.0,15291342.42,6928318.050000001,5220160.73,Kansas,Midwest,2965252,4.822524358806604,66.74373152457424,351.97631515069787,103.7132867132867
IN,2024,Psychologist,203,3,15989.0,94672.0,15338037.579999998,7482251.359999999,5686877.200000001,Indiana,Midwest,6934754,2.927284803469597,60.06926229508198,355.6743511163926,78.76354679802955
AR,2024,Counselor / MFT,72,12,1802.0,11578.0,1944137.3399999999,774841.4,595933.2300000002,Arkansas,South,3096080,2.3255213043590603,51.47117205044051,330.70656492785804,25.02777777777778
OR,2024,Psychiatry,215,1,12492.0,59898.0,14842382.56,5318811.199999999,4027068.7700000005,Oregon,West,4265324,5.0406487291469535,67.23210741594043,322.37181956452133,58.10232558139535
ID,2024,Counselor / MFT,28,0,545.0,3453.0,565565.61,250042.88000000003,192002.53999999998,Idaho,West,2000872,1.3993898660184159,55.60455835505357,352.2982385321101,19.464285714285715
WV,2024,Social Worker,46,6,1394.0,9919.0,1934717.34,844177.43,628017.37,West Virginia,South,1767402,2.6026902764622877,63.31458513963101,450.514612625538,30.304347826086957
MS,2024,Psychologist,30,1,1253.0,9398.0,1757763.1300000001,860985.8400000001,661209.54,Mississippi,South,2950172,1.0168898626927514,70.35640987444137,527.7011492418196,41.766666666666666
NH,2024,Counselor / MFT,55,6,1020.0,6297.0,1237874.4300000002,511142.2499999999,396272.72,New Hampshire,Northeast,1408518,3.9048134280144096,62.93039860250913,388.50266666666664,18.545454545454547
OR,2019,Social Worker,277,19,6707.0,49693.0,8307773.449999999,3873429.6400000006,2921610.3899999997,Oregon,West,4217737,6.567502904993839,58.79319803594067,435.60614134486354,24.212996389891696
NH,2019,Social Worker,210,20,6116.0,47898.0,6845440.15,3922807.2,2966774.95,New Hampshire,Northeast,1359711,15.44445841800206,61.93943275293332,485.08419718770443,29.123809523809523
SC,2019,Psychologist,108,0,6736.0,53255.5,7780701.05,4525025.57,3481021.38,South Carolina,South,5148714,2.0976111704786864,65.36454225385171,516.778708432304,62.370370370370374
OK,2019,Social Worker,231,18,9125.0,149348.0,13310448.870000001,8653241.18,6609897.819999998,Oklahoma,South,3956971,5.837798659631319,44.2583618126791,724.3723638356163,39.502164502164504
CT,2019,Psychiatry,479,2,44266.0,199493.0,33731735.04999999,17226771.099999994,13091703.670000002,Connecticut,Northeast,3565287,13.435103541454026,65.62487741424512,295.750771924276,92.4133611691023
UT,2019,Psychiatry,139,0,8249.0,47509.0,8120972.52,3521509.87,2664982.6100000003,Utah,West,3205958,4.335677510435258,56.09426866488455,323.06735483088863,59.34532374100719
WA,2019,Social Worker,260,10,6202.0,50695.0,8505404.73,4487427.0,3400310.5599999996,Washington,West,7614893,3.414361830166228,67.07388420948811,548.2603289261527,23.853846153846153
NE,2019,Psychiatry,114,0,14922.0,69261.0,14254108.89,5650501.42,4228957.11,Nebraska,Midwest,1934408,5.893275875616726,61.0582739203881,283.4041757137113,130.89473684210526
MT,2019,Psychiatry,56,7,4742.0,21424.0,3663322.6799999997,1876271.0899999999,1393013.7,Montana,West,1068778,5.239628809724751,65.02117718446601,293.7607971320118,84.67857142857143
DC,2019,Psychologist,43,0,2103.0,17403.0,2968289.7800000003,1663694.67,1297316.8599999999,District of Columbia,South,705749,6.092817701477437,74.54558754237775,616.8886638135996,48.906976744186046
VT,2021,Psychiatry,94,19,5775.0,35475.0,6201037.39,3428064.5200000005,2599228.49,Vermont,Northeast,647238,14.52325110701164,73.26930204369275,450.0828554112554,61.43617021276596
DC,2024,Psychologist,31,0,1087.0,11305.0,2268244.1900000004,1194633.0999999999,937308.4400000002,District of Columbia,South,691310,4.484240065961725,82.9109632905794,862.289273229071,35.064516129032256
MS,2019,Social Worker,71,2,2578.0,13759.0,2219955.95,1085927.7799999998,811452.12,Mississippi,South,2976149,2.385633246184919,58.97609710007995,314.76032583397983,36.309859154929576
VT,2019,Psychologist,77,24,2567.0,27069.0,3974964.6900000004,2708998.3200000003,2081596.5799999996,Vermont,Northeast,623989,12.339961121109507,76.89964830618048,810.906342033502,33.33766233766234
PA,2020,Psychiatry,1188,15,116091.0,634522.6,97329033.53999999,51683492.85,38911140.55999999,Pennsylvania,Northeast,12995576,9.141572485898278,61.32349038473963,335.1779255928538,97.71969696969697
CA,2020,Psychiatry,2131,16,197723.0,1461149.5,280519512.14,120729060.99999993,92039496.38,California,West,39527808,5.39114134535363,62.99115619585812,465.4971671479797,92.78413890192398
NC,2020,Social Worker,895,51,31227.0,277834.5,37722340.480000004,19724953.83000001,14885366.75,North Carolina,South,10450215,8.564417095724824,53.57638000320335,476.68257437473983,34.890502793296086
NJ,2020,Psychologist,495,0,31909.0,242897.8,41677157.599999994,24217581.09000001,18933100.779999994,New Jersey,Northeast,9270476,5.339531648644579,77.94677753359642,593.3467291359802,64.46262626262626
IL,2020,Psychiatry,779,7,93238.0,527417.6,83894643.80000001,43169130.64999999,32521556.690000013,Illinois,Midwest,12795348,6.088150162074529,61.661872281091895,348.80152609451096,119.68934531450577
KY,2020,Social Worker,308,55,11544.0,70888.1,10467149.2,5078455.59,3725194.55,Kentucky,South,4508271,6.831887435338293,52.55035118729377,322.6953005890506,37.48051948051948
CT,2020,Social Worker,575,7,21182.0,163833.0,23078622.6,10818044.280000005,8297180.08,Connecticut,Northeast,3579643,16.063054332513047,50.64413201247612,391.7090019828156,36.83826086956522
NY,2020,Social Worker,1737,75,44208.0,646121.5,95427933.00999999,49800228.09,38467486.77000001,New York,Northeast,20122262,8.632230312874368,59.535995582874136,870.1476377578721,25.45077720207254
TX,2020,Psychiatry,1106,10,114475.0,615935.5,105853074.96000001,51590675.07000001,38607772.18000001,Texas,South,29237895,3.782762062727156,62.68151808103285,337.25942065953274,103.50361663652802
GA,2020,Social Worker,346,8,13129.0,127628.0,18070789.01,9128483.55,6955223.919999999,Georgia,South,10732595,3.2238242475375247,54.496066067007234,529.7603716962449,37.945086705202314
ID,2020,Social Worker,123,12,2752.0,29689.0,3757006.81,2161093.6099999994,1631186.1500000001,Idaho,West,1849328,6.651064602926036,54.94244164505373,592.7275254360466,22.3739837398374
OK,2020,Psychiatry,201,8,26453.0,149716.0,19060058.35,11157179.86,8247013.479999999,Oklahoma,South,3965243,5.069046209778317,55.08438296508054,311.7609904358673,131.60696517412936
KS,2020,Psychiatry,166,8,21120.0,94684.0,14586242.3,7499060.15,5615898.31,Kansas,Midwest,2938274,5.6495752268168316,59.31200952642474,265.90427604166666,127.2289156626506
WI,2020,Social Worker,461,53,11014.0,97522.0,19624525.94,7398340.78,5504396.31,Wisconsin,Midwest,5897371,7.817042543194247,56.44261100059473,499.76360177955326,23.891540130151842
NM,2020,Psychiatry,115,2,8580.0,42193.0,7117762.6899999995,3553714.3099999996,2666877.35,New Mexico,West,2118446,5.4285075003091885,63.20663024672339,310.82486596736595,74.6086956521739
NH,2020,Psychiatry,149,11,19342.0,104205.5,15685223.07,9063260.25,6847052.620000001,New Hampshire,Northeast,1378752,10.806874622847328,65.70720950429681,353.99920483921005,129.81208053691276
NV,2020,Social Worker,94,2,2200.0,30610.0,3714353.56,2322547.61,1788217.15,Nevada,West,3116851,3.015864409302851,58.41937765436132,812.8259772727272,23.404255319148938
LA,2020,Psychologist,80,1,4563.0,23839.0,3421045.92,1988482.97,1497328.6099999999,Louisiana,South,4652145,1.7196368556870003,62.81004278702965,328.14565198334424,57.0375
AL,2020,Psychologist,94,4,4673.0,30221.0,4505826.2,2587119.41,1973641.3099999996,Alabama,South,5032962,1.8676874572071078,65.30694914132556,422.3499486411298,49.712765957446805
AK,2020,Social Worker,16,5,387.0,3957.0,856149.5,426569.62,328702.67,Alaska,West,732906,2.1830903280911875,83.06865554713166,849.3609043927648,24.1875
ND,2021,Social Worker,68,4,1406.0,11672.0,2141191.82,905570.39,685404.79,North Dakota,Midwest,777977,8.740618295913633,58.72213759424263,487.48562588904696,20.676470588235293
IN,2021,Psychiatry,335,3,38583.0,199060.0,26484607.77,14148152.329999994,10518042.169999998,Indiana,Midwest,6814223,4.916187803070137,52.838552044609656,272.6081997252676,115.1731343283582
MN,2021,Social Worker,547,42,13807.0,106241.0,21374132.93,8867668.59,6690259.510000001,Minnesota,Midwest,5714055,9.57288650529265,62.97248246910327,484.5556246831318,25.241316270566728
MO,2021,Psychiatry,426,17,46352.0,233898.0,36406598.14,18465287.21,13702693.059999999,Missouri,Midwest,6172551,6.901522563361566,58.584053989345776,295.6224771315153,108.8075117370892
GA,2021,Psychiatry,445,1,51335.0,285385.0,47622720.53,24400715.879999995,18153583.939999998,Georgia,South,10793038,4.1230281965096385,63.61085530073409,353.62976409856816,115.35955056179775
AZ,2021,Psychiatry,343,5,24043.0,141934.0,25087699.41,12774413.659999998,9667216.67,Arizona,West,7274022,4.715410539038787,68.11064769540772,402.08030071122573,70.09620991253644
NJ,2021,Psychologist,454,0,32590.0,231734.5,42903612.99999999,26321603.50999999,20690042.939999994,New Jersey,Northeast,9266509,4.899363935220912,89.28339517853402,634.8586357778457,71.78414096916299
VA,2021,Psychiatry,545,19,55274.0,305744.1,45290316.98000001,24680442.850000005,18262653.669999998,Virginia,South,8660007,6.293297453454715,59.73182694285842,330.40224463581427,101.42018348623853
AR,2021,Social Worker,274,40,10001.0,87976.0,11560094.220000003,6054755.690000001,4527725.580000001,Arkansas,South,3027127,9.051486772771675,51.46546308084024,452.72728527147297,36.5
MT,2021,Psychiatry,57,5,4069.0,19523.0,3580796.67,1878847.31,1387933.4500000002,Montana,West,1106416,5.151769316423479,71.09222199457052,341.09939788645863,71.3859649122807
NE,2021,Psychologist,64,5,2706.0,25667.5,5110300.46,2455428.0399999996,1889015.7500000002,Nebraska,Midwest,1964697,3.2574997569599793,73.59562676536477,698.084164818921,42.28125
IA,2021,Psychiatry,169,11,17446.0,75112.0,14492890.92,6016927.059999999,4405947.490000001,Iowa,Midwest,3199037,5.2828398046036975,58.65837003408245,252.54771810157064,103.23076923076923
DE,2021,Psychiatry,78,2,8349.0,42364.0,7413083.82,4065499.33,3056453.1100000003,Delaware,South,1005130,7.76019022415011,72.14741549428761,366.08613127320643,107.03846153846153
IL,2022,Psychiatry,728,10,79285.0,468334.0,80997329.56,40790076.129999995,30550262.07,Illinois,Midwest,12609577,5.773389543519184,65.23178344941857,385.32209207290157,108.90796703296704
LA,2022,Psychiatry,252,5,24151.0,109098.0,16879128.2,9234116.27,6940409.2,Louisiana,South,4600892,5.477198769282131,63.616282608297126,287.3756449008323,95.83730158730158
OH,2022,Psychiatry,785,13,61560.0,316758.0,51074129.190000005,26660779.629999995,19618881.919999998,Ohio,Midwest,11764950,6.672361548497869,61.936500167320155,318.69528784925274,78.42038216560509
NE,2022,Social Worker,117,9,2594.0,27709.0,4818736.01,2428758.61,1822445.8199999998,Nebraska,Midwest,1972595,5.931273272009713,65.77089826410192,702.5619969159599,22.17094017094017
PA,2022,Psychologist,717,1,35021.0,276956.5,46151301.44,30219034.57999999,23420286.590000004,Pennsylvania,Northeast,12984655,5.521902584242708,84.56305084011389,668.7497955512408,48.843793584379355
CA,2022,Psychiatry,2170,15,183993.0,1352027.0,292901369.48000014,123302908.6599999,93323908.83999994,California,West,39125347,5.546276688613139,69.02518133143786,507.2144529411442,84.78940092165898
TN,2022,Psychiatry,292,3,27658.0,149497.0,23074997.29,12285753.969999999,9143006.590000004,Tennessee,South,7063325,4.134030361055169,61.158461975825624,330.57367090895957,94.71917808219177
CO,2022,Psychiatry,297,6,16536.0,73300.0,19028002.02,7474986.36,5559060.5200000005,Colorado,West,5853355,5.074013108721409,75.83984338335608,336.1792767295598,55.676767676767675
MN,2022,Social Worker,559,41,14711.0,100218.0,22343015.929999996,8369818.889999998,6239492.829999997,Minnesota,Midwest,5727565,9.759819399692539,62.259203236943435,424.1379124464684,26.316636851520574
NC,2022,Psychologist,339,2,15680.0,123786.5,24525532.18,12208765.1,9335222.1,North Carolina,South,10705768,3.166517339064325,75.41389489160773,595.3585522959183,46.25368731563422
AR,2022,Psychiatry,147,3,12797.0,71027.0,10488390.57,5758336.409999999,4301584.489999999,Arkansas,South,3047429,4.823738305305882,60.562666169203254,336.14007111041644,87.05442176870748
ME,2022,Psychologist,49,7,1185.0,11819.0,1972127.6,1090246.22,835096.23,Maine,Northeast,1391585,3.521164715055135,70.65709704712751,704.7225569620254,24.183673469387756
VA,2022,Psychiatry,521,16,47336.0,212893.0,39545273.330000006,20864504.640000008,15308762.93,Virginia,South,8681038,6.001586446229126,71.90824935530995,323.4063488676694,90.85604606525912
DC,2022,Psychologist,30,0,1306.0,11512.0,2219740.54,1186840.1600000001,929032.0,District of Columbia,South,674501,4.447732471856972,80.70118137595553,711.3568147013782,43.53333333333333
KS,2022,Psychologist,137,4,7003.0,50006.0,9123517.690000001,4898065.0200000005,3741784.5199999996,Kansas,Midwest,2938034,4.662982116612674,74.82671119465664,534.3116550049978,51.11678832116788
NY,2019,Psychologist,1370,29,74650.0,785941.2,136530895.61000007,72341030.58999997,56423363.55000002,New York,Northeast,19453561,7.0424124405809305,71.7908204201536,755.8387615539185,54.48905109489051
PA,2019,Psychiatry,1253,17,140647.0,708149.0,105284486.23999998,56979380.31000002,42866157.359999985,Pennsylvania,Northeast,12801989,9.787541607792352,60.53268077763293,304.7783270172843,112.24820430965683
MI,2019,Social Worker,1441,73,45547.0,554469.4,61453585.180000015,32169867.790000018,24624198.210000012,Michigan,Midwest,9986857,14.428963987368599,44.410382628870074,540.6327136803744,31.60791117279667
KY,2019,Psychiatry,265,24,35676.0,198736.0,25950931.200000003,12463417.79,9371478.59,Kentucky,South,4467673,5.931499462919511,47.155415173899044,262.6829966924543,134.62641509433962
TX,2019,Social Worker,696,12,22987.0,300005.5,39590040.17,21098237.069999985,16230521.490000006,Texas,South,28995881,2.4003409311826047,54.10074645298172,706.0739326575894,33.02729885057471
MD,2019,Social Worker,700,8,23008.0,192668.0,25719113.950000003,14960661.089999994,11363017.340000002,Maryland,South,6045680,11.578515568141219,58.97719050387195,493.8724504520168,32.86857142857143
IN,2019,Social Worker,667,41,26565.0,174592.5,22625801.96,11049289.71,8296754.919999997,Indiana,Midwest,6732219,9.907580249543278,47.52068341996361,312.31902578580826,39.827586206896555
CA,2019,Psychologist,1880,19,103948.0,1121824.0,189165897.29000002,107766501.27000001,84154721.71,California,West,39512223,4.758021334309639,75.01597550952734,809.584808846731,55.291489361702126
IL,2019,Social Worker,894,39,25797.0,302372.6,42878426.57,22609936.78999999,17429136.250000007,Illinois,Midwest,12671821,7.055023899090746,57.641255358455126,675.6264778850257,28.855704697986578
NM,2019,Social Worker,136,9,3332.0,31556.0,3845246.76,2517322.38,1906725.68,New Mexico,West,2096829,6.485984312502355,60.42355431613639,572.2466026410564,24.5
AK,2019,Social Worker,21,7,590.0,4563.0,933285.94,483750.8699999999,371472.67999999993,Alaska,West,731545,2.8706368029307834,81.40974797282489,629.6147118644067,28.095238095238095
NC,2019,Psychiatry,757,14,87842.0,428471.0,66990257.300000004,32665388.959999993,24567994.249999993,North Carolina,South,10488084,7.217714884815949,57.338756298559275,279.68391259306475,116.03963011889036
MO,2019,Psychologist,329,25,16756.0,120930.5,17257961.020000003,10331085.6,7903558.790000001,Missouri,Midwest,6137428,5.360551683864967,65.35620699492685,471.68529422296496,50.93009118541033
FL,2023,Psychiatry,1128,4,131102.0,786829.0,150364724.50999996,73173414.33000003,55489942.0,Florida,South,22929248,4.91948100522093,70.52350891998134,423.2577840154994,116.22517730496453
NY,2023,Psychologist,1005,24,69218.0,574190.0,108855497.19000006,58572970.600000024,45586633.45000001,New York,Northeast,19786543,5.079209642634391,79.3929421445863,658.5950684792974,68.87363184079602
OK,2023,Psychiatry,185,6,17843.0,98830.0,17137361.04,8652864.009999998,6389337.329999998,Oklahoma,South,4062716,4.553604042222001,64.64977567540218,358.08649498402724,96.44864864864864
MD,2023,Social Worker,618,13,18588.0,195996.0,30904143.68,17159302.949999996,13097333.899999999,Maryland,South,6204927,9.959827085798109,66.82449590807975,704.6123251560145,30.07766990291262
AZ,2023,Psychiatry,318,8,22579.0,131852.0,27481337.509999998,12259134.029999997,9275513.71,Arizona,West,7452073,4.267268986763817,70.34791819615934,410.80267992382306,71.00314465408805
IA,2023,Social Worker,255,40,6562.0,52267.0,8689980.79,4195633.560000001,3123464.4299999997,Iowa,Midwest,3214739,7.9322147147871105,59.75978016721832,475.9927506857665,25.733333333333334
OH,2023,Social Worker,561,18,14569.0,111180.5,18574938.57,9325644.080000002,7000436.390000002,Ohio,Midwest,11808390,4.7508593466171085,62.964606113482155,480.50218889422763,25.96969696969697
MI,2023,Social Worker,776,41,23396.0,192072.9,29573694.8,14372134.020000003,10914676.399999999,Michigan,Midwest,10062124,7.71208941571382,56.82569690987119,466.5189092152504,30.149484536082475
OR,2023,Psychiatry,207,2,11000.0,55142.0,13691629.37,4924187.27,3678713.2300000004,Oregon,West,4250392,4.870139036587684,66.71345308476299,334.4284754545455,53.14009661835749
WI,2023,Psychologist,284,15,11265.0,75772.0,22127747.87,6364194.830000001,4847736.92,Wisconsin,Midwest,5930350,4.788924768352627,63.977945943092436,430.33616688859297,39.66549295774648
NV,2023,Social Worker,91,0,2398.0,34537.0,5955810.390000001,2874508.54,2216033.81,Nevada,West,3211077,2.8339401390872907,64.16405043865998,924.117518765638,26.35164835164835
UT,2023,Psychologist,73,1,3050.0,21736.0,3840197.3200000003,2032174.33,1563676.2200000002,Utah,West,3449259,2.116396594167037,71.93946540301805,512.6807278688525,41.78082191780822
NM,2023,Psychiatry,101,2,5325.0,28166.0,5203109.210000001,2399009.4299999997,1794247.37,New Mexico,West,2119349,4.765614346669661,63.70259781296599,336.94786291079816,52.722772277227726
AL,2023,Psychologist,70,2,3308.0,22146.0,3503541.37,1911662.3900000001,1456440.12,Alabama,South,5117850,1.3677618531219164,65.76538065564888,440.2781499395405,47.25714285714286
VT,2023,Psychologist,52,18,1625.0,20129.0,3422378.92,2181044.83,1666638.04,Vermont,Northeast,647722,8.028135527278678,82.79785582989716,1025.6234092307693,31.25
AK,2023,Psychologist,18,1,678.0,9907.0,3060385.2,1353358.35,1052513.3399999999,Alaska,West,734654,2.4501329877738365,106.23936004845058,1552.3795575221236,37.666666666666664
MT,2024,Psychiatry,54,2,3689.0,19069.0,4266797.4,1772068.89,1304980.08,Montana,West,1137557,4.747014874859018,68.43463632072998,353.7490051504473,68.31481481481481
NV,2024,Social Worker,83,0,2199.0,32335.0,5225870.75,2813244.1399999997,2162301.93,Nevada,West,3253543,2.5510651004151472,66.87187041905057,983.3114733969987,26.49397590361446
WA,2024,Psychiatry,346,3,18603.0,108690.0,32173774.039999995,10877478.77,8278361.459999999,Washington,West,7927958,4.3643016272286,76.16488600607231,445.0014223512336,53.76589595375722
KY,2024,Psychiatry,221,17,17356.0,141905.0,18192135.33,7871292.98,5886647.3100000005,Kentucky,South,4584046,4.8210685494866325,41.483015468094855,339.17073692094954,78.53393665158372
GA,2024,Psychologist,190,5,9449.0,77414.5,14813590.100000001,7883728.300000002,6068197.460000001,Georgia,South,11204208,1.6957914383595878,78.38579930116452,642.2052555826015,49.73157894736842
NC,2024,Social Worker,666,34,18265.0,162590.0,29570368.59,14090979.029999992,10645322.120000001,North Carolina,South,11052061,6.026025372100281,65.47341238698567,582.8262863399946,27.424924924924923
NM,2024,Social Worker,84,3,1786.0,21702.5,3412672.0900000003,1950347.5899999999,1477796.97,New Mexico,West,2126774,3.9496439207927123,68.09339799562262,827.4339137737961,21.261904761904763
MN,2024,Psychiatry,462,11,29852.0,160531.0,43578961.769999996,13360229.870000001,9979176.63,Minnesota,Midwest,5797405,7.969082718906131,62.163548660383356,334.2883769931663,64.61471861471861
UT,2024,Psychologist,66,0,2995.0,23603.0,4365037.05,2179087.8500000006,1683999.68,Utah,West,3502983,1.8841084869666795,71.34684912934796,562.2703439065108,45.378787878787875
RI,2024,Counselor / MFT,16,0,424.0,993.0,252094.83000000002,85708.0,64157.689999999995,Rhode Island,Northeast,1110415,1.4409027255575617,64.60995971802618,151.31530660377356,26.5
VT,2024,Social Worker,111,45,2497.0,32758.1,4893078.0600000005,2946542.2299999995,2225364.5,Vermont,Northeast,646521,17.16881586212977,67.93325925496289,891.215258309972,22.495495495495497
MO,2024,Psychologist,184,5,7826.0,59795.5,11027690.45,5726252.420000001,4388399.74,Missouri,Midwest,6243544,2.9470441787548864,73.39013370571364,560.746197291081,42.53260869565217
HI,2024,Social Worker,16,0,380.0,3098.0,577823.42,310367.5399999999,237429.4,Hawaii,West,1434952,1.115019875229276,76.63957391865719,624.8142105263157,23.75
WY,2024,Psychiatry,18,5,927.0,4606.0,1118126.83,437505.83,328187.05,Wyoming,West,586722,3.067892460142964,71.25207338254451,354.0313376483279,51.5
AK,2024,Psychiatry,50,4,2892.0,20020.0,5505435.659999999,2222782.6899999995,1696083.62,Alaska,West,736537,6.788525220050045,84.71946153846154,586.4742807745505,57.84
DE,2024,Psychologist,63,0,3757.0,20553.0,3640866.5900000003,2356924.88,1819663.13,Delaware,South,1050123,5.999297225182193,88.53515934413467,484.3394011179132,59.63492063492063
AL,2024,Counselor / MFT,26,4,548.0,2428.0,397901.42999999993,180489.44999999998,138413.61,Alabama,South,5163055,0.5035778235947516,57.0072528830313,252.57958029197079,21.076923076923077
IA,2024,Counselor / MFT,77,27,1598.0,9215.0,1833485.94,749328.56,568496.7300000001,Iowa,Midwest,3230454,2.3835659012634136,61.692537167661435,355.7551501877347,20.753246753246753
AR,2019,Social Worker,341,43,14390.0,141561.0,15581147.580000002,8266551.729999999,6195916.85,Arkansas,South,3017804,11.299607264090048,43.76852982106654,430.5710111188325,42.199413489736074
TN,2019,Social Worker,261,20,10128.0,73893.0,9439443.24,5055142.659999998,3795026.3900000006,Tennessee,South,6829174,3.8218384829556253,51.35840187839174,374.7063971169037,38.804597701149426
DE,2019,Social Worker,129,5,4194.0,35548.0,4758559.68,3073278.7,2325491.2700000005,Delaware,South,973764,13.247563064561845,65.41834336671545,554.4805126371008,32.51162790697674
NV,2019,Social Worker,102,2,2533.0,34274.0,4347449.420000001,2741089.6700000004,2117193.5199999996,Nevada,West,3080156,3.311520585321003,61.77258329929391,835.8442637189102,24.833333333333332
WI,2019,Social Worker,514,53,13489.0,108098.5,21056610.85,8180526.679999996,6106736.879999997,Wisconsin,Midwest,5822434,8.827923167527532,56.49233689644164,452.71976276966393,26.2431906614786
KS,2019,Psychiatry,169,10,23877.0,104341.0,15290789.170000002,8139835.4,6070611.289999999,Kansas,Midwest,2913314,5.800953827840048,58.18049750337834,254.24514344348114,141.28402366863907
ND,2019,Psychologist,79,3,3567.0,27793.5,4217822.09,2149771.0200000005,1643713.37,North Dakota,Midwest,762062,10.366610590739336,59.140207962293346,460.8111494252874,45.151898734177216
LA,2019,Social Worker,218,7,6849.0,48854.0,6196960.389999999,3742194.17,2821884.8699999996,Louisiana,South,4648794,4.689388258546195,57.761593114176925,412.0141436706088,31.41743119266055
RI,2019,Psychologist,76,0,3137.0,25769.0,4407935.029999999,2176452.24,1682344.56,Rhode Island,Northeast,1059361,7.174136106577456,65.28559742326051,536.2909021357985,41.276315789473685
SD,2020,Psychologist,50,0,1781.0,19018.0,2899286.36,1744577.02,1331412.0899999999,South Dakota,Midwest,887808,5.6318483275663205,70.00799716058471,747.5643402582817,35.62
AK,2021,Psychologist,19,1,678.0,6766.0,2076695.5,818285.2,637722.3,Alaska,West,734590,2.5864768101934414,94.25396098137749,940.5933628318585,35.68421052631579
OK,2021,Psychologist,93,3,4966.0,42197.5,6234113.539999999,4122505.93,3206204.7199999997,Oklahoma,South,3992760,2.329215880744147,75.98091640500029,645.6312364075715,53.39784946236559
HI,2021,Psychologist,56,4,1200.0,9609.0,1917557.58,1160527.53,893531.5900000001,Hawaii,West,1446909,3.870319418843894,92.98903007597045,744.6096583333334,21.428571428571427
WY,2021,Psychiatry,18,3,1246.0,7859.0,1619117.0899999999,719815.1000000001,543742.36,Wyoming,West,579662,3.105257891667903,69.18721974805955,436.39033707865167,69.22222222222223
ND,2024,Counselor / MFT,11,0,181.0,1238.0,231705.25,92344.56,71216.98,North Dakota,Midwest,793387,1.3864608318512908,57.525831987075925,393.46397790055244,16.454545454545453
LA,2024,Counselor / MFT,32,1,786.0,7200.0,1425415.5899999999,646940.3500000001,511865.24,Louisiana,South,4614878,0.6934094465769193,71.09239444444444,651.2280407124682,24.5625
ME,2024,Counselor / MFT,14,3,274.0,1190.0,287099.01,77944.47,60407.009999999995,Maine,Northeast,1408438,0.994008965960873,50.76219327731092,220.46354014598538,19.571428571428573
WY,2019,Psychologist,32,5,1337.0,13174.0,1863152.3599999999,1174655.6600000001,905947.22,Wyoming,West,578759,5.529071686142245,68.76781691209959,677.5970231862378,41.78125
HI,2019,Social Worker,27,1,679.0,5059.0,879885.4500000001,468253.67000000004,355504.37,Hawaii,West,1415872,1.9069520408624507,70.27166831389603,523.570500736377,25.14814814814815
ID,2023,Psychologist,34,2,1117.0,9971.0,1711980.0099999998,966109.09,747576.99,Idaho,West,1970497,1.7254530202278917,74.97512686791696,669.2721486123545,32.85294117647059
VA,2020,Psychiatry,549,23,62573.0,284330.0,42087998.97,23843659.849999994,17488922.84,Virginia,South,8637303,6.35615075678137,61.50924221854887,279.4963137455452,113.97632058287796
OR,2020,Social Worker,249,18,5512.0,46047.0,7776191.650000001,3744433.6500000004,2822054.5299999993,Oregon,West,4243544,5.8677369670256745,61.28639281603577,511.983768142235,22.136546184738958
MO,2020,Psychologist,297,24,12372.0,93560.5,14562688.39,8648216.779999997,6598409.389999999,Missouri,Midwest,6155074,4.825287234564524,70.52558921767198,533.3340923052052,41.656565656565654
FL,2020,Psychiatry,1105,0,162364.0,829134.0,149275612.07,74549547.85,56427214.58999999,Florida,South,21591325,5.117796151926758,68.05560330417036,347.5352577541819,146.93574660633485
IN,2020,Social Worker,601,33,23915.0,159887.0,20264168.66,10036144.959999999,7446684.919999998,Indiana,Midwest,6790290,8.850873821294819,46.574674113592714,311.3813472715868,39.79201331114809
WA,2020,Psychologist,264,10,9859.0,81279.0,14377651.920000002,8188305.09,6314874.63,Washington,West,7726812,3.416674302416055,77.6938031963976,640.5187777665077,37.34469696969697
MD,2020,Social Worker,623,8,19344.0,190534.0,26202408.209999993,15472237.059999997,11784128.049999997,Maryland,South,6178387,10.083537984914186,61.84790142441767,609.1877610628617,31.049759229534512
ME,2020,Social Worker,290,70,6962.0,73637.0,10625121.78,6048099.299999999,4624298.16,Maine,Northeast,1364546,21.252489839111323,62.79856811113978,664.2197874174088,24.00689655172414
CO,2020,Social Worker,323,21,7746.0,71777.0,12350264.86,6165401.069999998,4722153.120000001,Colorado,West,5786873,5.581598213750327,65.78922384607884,609.624725019365,23.981424148606813
UT,2020,Social Worker,184,10,4820.0,32783.0,5698368.0600000005,2566745.3899999997,1932029.65,Utah,West,3283970,5.602974448609458,58.9338879907269,400.8360269709543,26.195652173913043
MN,2020,Psychiatry,426,10,40134.0,184744.0,39591833.660000004,14479614.089999998,10748360.08,Minnesota,Midwest,5710562,7.459861218563077,58.17975187286191,267.8118323615887,94.21126760563381
MA,2020,Psychologist,660,8,26472.0,255428.0,46225460.339999996,24218540.700000003,18743558.160000004,Massachusetts,Northeast,6985320,9.44838604387487,73.3809847001895,708.0522121486855,40.10909090909091
TN,2020,Psychologist,222,3,14417.0,94664.0,15999683.02,8196699.379999997,6292134.080000001,Tennessee,South,6927736,3.2045101025789666,66.4680774106313,436.4385156412569,64.94144144144144
MT,2020,Psychiatry,52,7,4122.0,19618.0,3434351.71,1690889.04,1250778.2600000002,Montana,West,1087156,4.783122201413597,63.756665307370795,303.43965550703547,79.26923076923077
VT,2020,Psychiatry,98,22,5872.0,38374.5,6058268.130000001,3327793.27,2502683.7699999996,Vermont,Northeast,642965,15.241887194481814,65.21736491680672,426.2063641008174,59.91836734693877
ND,2020,Psychologist,65,1,2844.0,23981.0,3633866.75,1946390.43,1488022.9900000002,North Dakota,Midwest,779612,8.337480695525466,62.0500808973771,523.2148347398032,43.753846153846155
SC,2020,Psychologist,97,0,5370.0,43454.5,6630815.16,3953844.080000001,3055852.7199999997,South Carolina,South,5131992,1.8901042714018261,70.32304410360261,569.0600968342644,55.36082474226804
WV,2020,Social Worker,54,5,1838.0,12861.0,2079602.8900000001,929859.1099999999,706036.3200000001,West Virginia,South,1791670,3.0139478810271982,54.89746675997201,384.13292709466816,34.03703703703704
AR,2020,Psychologist,73,3,4916.0,37910.0,5806861.99,3093873.41,2356315.04,Arkansas,South,3014399,2.4217099328920955,62.15550092323925,479.31550854353134,67.34246575342466
PA,2021,Psychiatry,1182,18,109287.0,587735.4,92909441.17999999,52484313.71,39637618.64,Pennsylvania,Northeast,13016628,9.080692787717371,67.44126462350235,362.69289705088437,92.45939086294416
CA,2021,Psychologist,1568,16,80975.0,999363.0,186431726.60999998,110249579.30000004,86607558.22,California,West,39152927,4.004809142366291,86.66276239964857,1069.559224698981,51.642219387755105
WI,2021,Social Worker,428,51,10014.0,82613.0,18390634.009999998,7026064.029999999,5253658.4,Wisconsin,Midwest,5882128,7.276278244880084,63.59360391221721,524.631356101458,23.397196261682243
MI,2021,Social Worker,946,51,27127.0,274620.6,34962123.970000006,19428344.440000005,14878185.869999986,Michigan,Midwest,10042362,9.420094595275494,54.177238961680175,548.4641084528324,28.675475687103596
OH,2021,Psychologist,532,10,22323.0,145966.5,26172245.2,14806197.23,11412738.040000001,Ohio,Midwest,11761443,4.523254502019863,78.18737888488113,511.2546718631009,41.96052631578947
SC,2021,Social Worker,192,3,5392.0,48025.0,7308566.089999999,4404686.209999999,3359256.35,South Carolina,South,5194346,3.6963267368018995,69.94807600208225,623.0074833086054,28.083333333333332
OR,2021,Social Worker,239,14,5073.0,45157.0,8127264.6499999985,4011056.28,3039685.8,Oregon,West,4254691,5.61732920205016,67.31372323227849,599.189000591366,21.225941422594143
UT,2021,Psychiatry,137,0,6872.0,36298.0,6773926.0200000005,3198673.2800000003,2407731.9799999995,Utah,West,3339874,4.101951151450623,66.33235935864234,350.3684487776484,50.160583941605836
CO,2021,Psychiatry,301,7,17749.0,84969.0,18417490.130000003,7910344.859999999,5925288.1899999995,Colorado,West,5814368,5.176830912663251,69.73470548082241,333.83786072454785,58.966777408637874
KS,2021,Psychiatry,157,8,19762.0,96399.0,14993828.21,8321783.139999999,6254127.909999998,Kansas,Midwest,2938966,5.342014844676665,64.87751854272345,316.4724172654589,125.87261146496816
NC,2021,Social Worker,829,42,26454.0,213902.0,34021005.690000005,17663477.459999993,13399345.929999996,North Carolina,South,10565503,7.846289949470461,62.642452758739964,506.51492893324246,31.910735826296744
IL,2021,Social Worker,752,39,18888.0,236907.0,39960083.25,21786064.50999999,16774987.739999998,Illinois,Midwest,12703354,5.9196964833066925,70.80832453241145,888.129380559085,25.117021276595743
AL,2021,Psychiatry,213,4,24541.0,141464.2,18054493.36,11647806.37,8704441.23,Alabama,South,5050058,4.217773340425001,61.53105329829031,354.6897530662972,115.21596244131456
MA,2021,Psychologist,637,9,25333.0,254312.0,47506987.11,25800388.310000002,20078484.71,Massachusetts,Northeast,6996721,9.104264697706254,78.95217178111926,792.5821935814945,39.76923076923077
NM,2021,Social Worker,84,5,2078.0,20180.0,2650048.63,1779553.3900000001,1348923.35,New Mexico,West,2117300,3.967316865819676,66.8445664023786,649.1450192492782,24.738095238095237
LA,2021,Psychiatry,249,5,27992.0,127503.0,19660660.07,10897274.07,8286537.490000002,Louisiana,South,4628595,5.3796022335071445,64.99092170380307,296.03234817090606,112.41767068273093
TX,2021,Social Worker,551,12,19662.0,268158.5,37353105.96999999,19287423.54,14995588.950000005,Texas,South,29572672,1.8632066794640674,55.92061765709461,762.6685459261522,35.68421052631579
ME,2021,Psychiatry,130,21,8417.0,39067.0,8254040.889999999,3545919.43,2662629.879999999,Maine,Northeast,1379009,9.427059576841051,68.15547341746228,316.33953665201363,64.74615384615385
VT,2021,Social Worker,117,44,2627.0,39879.0,5193285.8100000005,3492097.1900000004,2671062.5,Vermont,Northeast,647238,18.076812548088956,66.97917450287119,1016.7729349067378,22.45299145299145
DC,2021,Social Worker,31,0,750.0,8353.0,1235221.5,798277.34,615878.94,District of Columbia,South,669637,4.629373824923055,73.73146653896804,821.1719199999999,24.193548387096776
NV,2021,Psychologist,75,0,2973.0,30078.0,6188608.65,3306378.7700000005,2575822.65,Nevada,West,3148472,2.382107892336346,85.63809595052862,866.4051967709385,39.64
MA,2022,Social Worker,1103,10,29097.0,344496.0,56168033.38,29127153.39999999,22081562.39,Massachusetts,Northeast,7025465,15.700028396696874,64.09816772908829,758.894813554662,26.379873073436084
OK,2022,Psychologist,87,1,4685.0,41765.0,6303266.350000001,3985380.55,3080659.58,Oklahoma,South,4025327,2.1613150931588914,73.76175218484377,657.5580747065102,53.85057471264368
NJ,2022,Social Worker,784,0,24370.0,297420.0,49693013.18,25185321.0,19523604.7,New Jersey,Northeast,9298402,8.431556303975672,65.64321397350548,801.1327328682806,31.084183673469386
OR,2022,Psychiatry,226,1,10593.0,54436.0,13445541.33,4912303.529999999,3638834.1100000003,Oregon,West,4245964,5.322701746882451,66.8460965170108,343.5130850561692,46.8716814159292
TX,2022,Psychiatry,1060,10,95722.0,512469.5,101158123.28000002,47969043.43,35862677.37,Texas,South,30118002,3.5194897722631135,69.98012051448914,374.6544929065418,90.30377358490566
FL,2022,Psychiatry,1120,1,143965.0,753993.0,145266021.04000002,71821478.21000002,53993391.06,Florida,South,22413989,4.9968794041970845,71.60993677660137,375.0452614177057,128.54017857142858
KY,2022,Psychologist,86,4,5079.0,37832.0,6128277.76,3217749.37,2469959.3199999994,Kentucky,South,4521238,1.902133884568784,65.28756925354196,486.3081945264815,59.05813953488372
CT,2022,Social Worker,518,3,17344.0,140153.0,21116828.11,10491329.290000003,8027609.77,Connecticut,Northeast,3618707,14.314505153360026,57.27747368946793,462.84650426660517,33.48262548262548
HI,2022,Psychologist,52,3,1185.0,10054.0,2072067.4700000002,1197173.72,917573.4500000001,Hawaii,West,1437812,3.6166063435275264,91.26451661030437,774.3235864978903,22.78846153846154
MO,2022,Social Worker,282,18,7903.0,79944.0,11202643.260000002,6536170.36,4947279.000000001,Missouri,Midwest,6179285,4.563634789461887,61.8843065145602,626.0001265342277,28.02482269503546
WI,2022,Psychologist,301,13,11925.0,78961.0,22202174.25,6800930.040000001,5168227.05,Wisconsin,Midwest,5903472,5.098694463190475,65.45290776459264,433.39430188679245,39.61794019933555
AZ,2022,Psychologist,241,3,14546.0,132486.0,22703651.83,11763108.900000002,9136331.9,Arizona,West,7370065,3.2699847287642645,68.96073471914013,628.0992644025849,60.356846473029044
RI,2022,Social Worker,118,0,2997.0,21099.0,3436277.1500000004,1798949.8199999998,1351711.03,Rhode Island,Northeast,1098275,10.74412146320366,64.06517038722214,451.0213646980314,25.39830508474576
NM,2022,Psychologist,94,0,3058.0,28253.0,4326056.220000001,2555462.07,1947167.71,New Mexico,West,2112859,4.448948084088905,68.9189717906063,636.7454905166776,32.53191489361702
SD,2022,Social Worker,66,6,1635.0,14150.0,2353125.18,1281667.71,965118.2999999999,South Dakota,Midwest,909156,7.259480221216161,68.20624028268551,590.2864220183486,24.772727272727273
SC,2022,Psychologist,89,0,4950.0,42022.0,7551644.0600000005,4022766.74,3096417.4300000006,South Carolina,South,5288957,1.6827514385161384,73.68562729046691,625.5388747474749,55.61797752808989
ND,2022,Psychiatry,54,0,4373.0,15533.0,4754567.98,1486428.9700000002,1088999.8599999999,North Dakota,Midwest,780191,6.9213820718260015,70.10879160497005,249.0280951292019,80.98148148148148
NH,2022,Psychiatry,155,13,17425.0,94569.0,15896553.850000001,9228875.899999999,6929918.1899999995,New Hampshire,Northeast,1396647,11.098008301310209,73.27896234495448,397.6997526542324,112.41935483870968
VT,2022,Social Worker,108,45,2407.0,36215.0,4839411.61,3114685.39,2355567.09,Vermont,Northeast,647614,16.67660056762207,65.04396217037139,978.6319443290403,22.287037037037038
UT,2022,Psychologist,79,3,3517.0,25222.0,4177769.6999999997,2400070.34,1847156.6500000004,Utah,West,3393928,2.327686385804295,73.2359309333122,525.2080324139893,44.51898734177215
DE,2022,Psychologist,64,1,4371.0,25770.5,4060106.3000000003,2767014.62,2153528.17,Delaware,South,1020279,6.2727940102658195,83.56563396131234,492.68546556851976,68.296875
CT,2019,Social Worker,665,8,24953.0,192549.5,26494508.839999996,12751801.459999993,9776431.660000002,Connecticut,Northeast,3565287,18.652074854001935,50.77360190496471,391.793838816976,37.523308270676694
WA,2019,Psychiatry,404,5,28372.0,162760.0,27484398.049999997,12393452.190000001,9394404.709999997,Washington,West,7614893,5.305392997642908,57.71937029982795,331.1153499929507,70.22772277227723
OH,2019,Social Worker,696,21,20607.0,144767.0,20327651.900000002,11345848.200000001,8579701.990000002,Ohio,Midwest,11689100,5.9542650845659635,59.265592227510425,416.3489100790994,29.607758620689655
VA,2019,Psychologist,377,12,19279.0,154667.5,24022201.92,13534442.520000005,10418694.419999998,Virginia,South,8535519,4.416837453000808,67.36188546397916,540.4167446444317,51.13793103448276
MA,2019,Psychiatry,1208,9,120955.0,656289.0,120449445.66,56831077.34,43279667.48999998,Massachusetts,Northeast,6892503,17.526289070893405,65.94605042900305,357.81627456492066,100.12831125827815
OK,2019,Psychiatry,213,8,31967.0,173708.0,21941373.590000004,13169260.710000005,9781222.45,Oklahoma,South,3956971,5.3829052575821255,56.30841671080203,305.9787421403322,150.07981220657277
IL,2023,Psychologist,663,2,28562.0,303442.5,57508646.349999994,29336481.25000001,22786646.140000008,Illinois,Midwest,12633389,5.247997983755586,75.09378593967558,797.7958875428894,43.079939668174966
MO,2023,Social Worker,263,10,6886.0,71793.0,10507644.299999997,5965258.57,4526061.959999999,Missouri,Midwest,6205956,4.2378643999409595,63.043220926831296,657.2846296834155,26.182509505703422
GA,2023,Psychiatry,432,3,39722.0,220124.0,41870848.81,19263678.01999999,14292741.750000002,Georgia,South,11063669,3.9046721300140126,64.9304108139049,359.8192878002115,91.94907407407408
KY,2023,Psychologist,80,7,4361.0,32785.0,5588727.58,2704675.8699999996,2069869.13,Kentucky,South,4549953,1.7582599204870908,63.13463870672563,474.63176565008024,54.5125
NH,2023,Psychiatry,144,12,15436.0,86786.0,15419618.889999999,8502545.439999998,6423776.159999998,New Hampshire,Northeast,1401530,10.274485740583506,74.01857626806165,416.15549105985997,107.19444444444444
CO,2023,Psychiatry,286,2,15965.0,78202.0,22990019.58,8005144.2200000025,6055581.800000001,Colorado,West,5912240,4.837422026169438,77.43512697884965,379.3035891011588,55.82167832167832
MA,2023,Social Worker,1044,13,28335.0,318971.0,54112929.519999996,26859149.269999992,20397831.149999995,Massachusetts,Northeast,7073479,14.75935674651752,63.9488578899022,719.8811064055054,27.14080459770115
AR,2023,Psychologist,68,1,4571.0,37798.0,6139482.0600000005,2990096.8600000003,2279594.72,Arkansas,South,3069856,2.2150876132300668,60.309929625906136,498.70809888427044,67.22058823529412
DC,2023,Psychiatry,109,0,7910.0,33567.0,6505696.590000001,3548023.29,2686125.54,District of Columbia,South,682559,15.969315473094634,80.02280632764322,339.5860353982301,72.56880733944953
CT,2023,Psychiatry,385,2,28346.0,137207.0,24835950.699999996,12876910.27,9766872.989999998,Connecticut,Northeast,3641369,10.572946603324189,71.18348910769858,344.5591261553658,73.62597402597403
KS,2023,Psychologist,129,3,6759.0,46489.0,8865161.950000001,4442564.040000001,3377268.55,Kansas,Midwest,2949749,4.373253453090416,72.64661640388049,499.6698550081373,52.395348837209305
MS,2023,Psychiatry,83,3,10415.0,59573.0,9962624.35,5038416.779999999,3793023.45,Mississippi,South,2942470,2.820759430002685,63.67017692578853,364.18852136341815,125.48192771084338
RI,2023,Psychiatry,165,0,9385.0,70144.0,12059687.36,5810370.720000001,4421944.95,Rhode Island,Northeast,1101183,14.983885512217315,63.040957886633215,471.1715450186468,56.878787878787875
WA,2023,Psychologist,230,9,8133.0,70768.0,14658974.17,7291249.91,5622886.709999999,Washington,West,7838655,2.93417684538993,79.45521577549174,691.3668646255993,35.36086956521739
HI,2023,Social Worker,21,1,409.0,4575.0,818105.96,435181.76,330824.43,Hawaii,West,1434950,1.4634656259799994,72.31135081967213,808.8616870415648,19.476190476190474
LA,2023,Social Worker,180,6,4135.0,33500.0,5247928.180000001,2935814.750000001,2210965.3600000003,Louisiana,South,4598777,3.9140841141025104,65.99896597014926,534.6953712212818,22.97222222222222
ME,2023,Social Worker,175,41,4081.0,37093.0,6121250.050000001,3017017.3499999996,2288947.729999999,Maine,Northeast,1401992,12.482239556288482,61.70834739708298,560.8791301151676,23.32
NE,2023,Psychiatry,95,0,8605.0,44306.5,10587638.450000001,4018653.4499999997,3007980.5299999993,Nebraska,Midwest,1988172,4.778258621487477,67.89027637028425,349.56194421847755,90.57894736842105
WV,2023,Psychologist,69,3,3233.0,18846.0,3423720.0200000005,1675904.7800000003,1270616.7,West Virginia,South,1770036,3.898225798797313,67.42102833492518,393.01475409836064,46.85507246376812
WY,2023,Psychiatry,15,4,690.0,3709.0,849816.3300000001,339908.27999999997,256051.87,Wyoming,West,584666,2.5655673495636826,69.03528444324616,371.0896666666667,46.0
OR,2024,Social Worker,203,13,4655.0,36969.0,8364303.99,3326003.9200000004,2496635.0299999993,Oregon,West,4265324,4.7593101954271235,67.53320430631068,536.3340558539204,22.93103448275862
TN,2024,Social Worker,213,15,6674.0,53410.0,8243646.98,4204695.949999999,3163471.4800000004,Tennessee,South,7251291,2.937407973283654,59.229947200898714,473.9993227449806,31.333333333333332
CT,2024,Social Worker,454,5,15503.0,125909.0,20141109.81,9716611.57,7498765.17,Connecticut,Northeast,3674449,12.355593995181318,59.55702269099111,483.6976823840547,34.147577092511014
MO,2024,Counselor / MFT,60,9,1379.0,8624.0,1278063.2200000002,529254.55,409990.64000000013,Missouri,Midwest,6243544,0.9609926669852892,47.54065862708721,297.3101087744744,22.983333333333334
PA,2024,Psychiatry,1079,15,77074.0,425084.0,76212903.99,39482625.499999985,29686411.16000001,Pennsylvania,Northeast,13045848,8.27083068881379,69.83657620611459,385.1676461582377,71.4309545875811
MI,2024,Social Worker,686,27,20465.0,156705.4,24605239.069999993,12216703.010000002,9255208.989999995,Michigan,Midwest,10099962,6.792104762374353,59.06120012456491,452.24573613486416,29.832361516034986
KS,2024,Social Worker,208,16,5276.0,52643.0,8135688.6,4790989.91,3603908.8100000005,Kansas,Midwest,2965252,7.014580885536878,68.45941169766162,683.0759685367703,25.365384615384617
OK,2024,Psychiatry,180,4,16655.0,96239.0,16795392.39,8016391.210000001,5904791.62,Oklahoma,South,4097758,4.392645929798685,61.35549642037012,354.5356721705194,92.52777777777777
NY,2024,Psychiatry,2010,21,165677.0,1062582.0,237055172.07,105756977.32999998,81020328.68000004,New York,Northeast,20001419,10.04928700308713,76.24854239955131,489.02580732388947,82.42636815920397
UT,2024,Counselor / MFT,18,1,290.0,1410.0,318686.24,139917.32,107784.26999999999,Utah,West,3502983,0.5138477691727308,76.44274468085105,371.6698965517241,16.11111111111111
LA,2024,Psychologist,82,0,4477.0,23746.0,4067133.84,2084911.5300000003,1579416.65,Louisiana,South,4614878,1.7768617068533556,66.51295586625115,352.78459906187175,54.59756097560975
WV,2024,Psychiatry,122,10,10711.0,49656.0,9250047.01,4277844.5600000005,3114052.59,West Virginia,South,1767402,6.902787254965197,62.71251389560174,290.73406684716645,87.79508196721312
AL,2024,Psychologist,64,2,2961.0,19989.0,3078625.8,1725680.09,1314967.4300000002,Alabama,South,5163055,1.2395761811563115,65.78455300415229,444.0957210401892,46.265625
ME,2024,Psychologist,35,4,785.0,8130.0,1548126.05,824003.85,630904.78,Maine,Northeast,1408438,2.4850224149021822,77.60206396063961,803.7003566878981,22.428571428571427
WI,2024,Psychiatry,381,15,25640.0,166988.5,31924938.340000007,10515846.529999997,7677545.869999996,Wisconsin,Midwest,5957168,6.395656459579452,45.97649460891017,299.43626638065507,67.29658792650919
IL,2024,Social Worker,824,27,19510.0,259225.5,45439413.410000004,22749470.169999994,17384501.88,Illinois,Midwest,12703033,6.486639844200988,67.06323984330245,891.0559651460788,23.67718446601942
CO,2024,Social Worker,263,21,5192.0,53421.0,10971704.68,5231667.33,3992190.6300000004,Colorado,West,5988502,4.391749389079272,74.73073566574944,768.9119087057012,19.74144486692015
AZ,2024,Social Worker,182,3,5987.0,48358.0,9748868.99,4752480.619999999,3624307.2100000004,Arizona,West,7556424,2.4085466882218363,74.94741738698872,605.3628211124103,32.895604395604394
RI,2024,Psychologist,56,0,1770.0,16993.0,3451625.49,1619662.93,1249652.3399999999,Rhode Island,Northeast,1110415,5.043159539451467,73.53924204084034,706.0182711864406,31.607142857142858
NE,2024,Social Worker,100,11,2230.0,22179.0,4298911.99,1972549.7700000005,1482821.4300000002,Nebraska,Midwest,2005591,4.986061465174106,66.85700121736778,664.9423452914799,22.3
SD,2024,Psychiatry,50,1,4619.0,19406.0,3196724.4699999997,1942931.81,1449991.41,South Dakota,Midwest,927110,5.3931032995005985,74.71871637637844,313.9189023598181,92.38
GA,2024,Counselor / MFT,60,4,1587.0,10548.0,1799560.36,949226.14,742997.55,Georgia,South,11204208,0.5355130857977646,70.43966154721275,468.17741020793954,26.45
ND,2024,Psychologist,55,0,2352.0,20046.0,3405962.5,1635125.7900000003,1247042.4100000001,North Dakota,Midwest,793387,6.932304159256454,62.20903970867007,530.205106292517,42.763636363636365
IA,2019,Psychologist,114,9,5619.0,42012.0,7798235.43,3485821.13,2654663.8099999996,Iowa,Midwest,3155070,3.613232036056252,63.188227411215834,472.444173340452,49.28947368421053
NJ,2019,Psychiatry,760,0,100002.0,475919.0,82878997.67999999,41095735.239999995,31229868.82,New Jersey,Northeast,8882190,8.556448353390325,65.62013456071307,312.292442351153,131.58157894736843
AL,2019,Psychiatry,230,1,37495.0,202701.0,24764002.559999995,15260102.57,11444128.780000005,Alabama,South,4903185,4.6908285124872915,56.45817623001369,305.21746312841725,163.02173913043478
MS,2019,Psychiatry,114,7,22178.0,99825.0,14644631.72,7127817.460000001,5344425.340000001,Mississippi,South,2976149,3.8304533811983204,53.53794480340597,240.97868788889895,194.5438596491228
NH,2019,Psychiatry,145,12,21687.0,104129.0,15436118.43,8733486.129999999,6562815.770000001,New Hampshire,Northeast,1359711,10.664030812429994,63.02582152906492,302.61519666159455,149.5655172413793
NE,2019,Social Worker,138,14,3588.0,33225.0,5112102.6,2692956.49,2015116.8099999996,Nebraska,Midwest,1934408,7.1339655336413,60.650618811136184,561.6267586399107,26.0
UT,2019,Social Worker,220,11,6034.0,38223.0,6256143.83,2885730.53,2180518.5899999994,Utah,West,3205958,6.8622233978112,57.04729063652773,361.3719903878023,27.427272727272726
ID,2019,Psychologist,50,1,1811.0,14078.0,1996623.77,1223245.3599999999,944056.4700000001,Idaho,West,1787065,2.797883680783855,67.05899062366814,521.2901546107123,36.22
OR,2019,Psychiatry,236,0,13645.0,64288.0,14323302.139999999,5485976.330000001,4098173.12,Oregon,West,4217737,5.595417637467675,63.74709308113489,300.34247856357644,57.817796610169495
MT,2019,Social Worker,141,34,3772.0,30208.0,4451010.55,2720087.1100000003,2066895.8699999996,Montana,West,1068778,13.192636824485534,68.4221355270127,547.9575477200423,26.75177304964539
DE,2020,Psychiatry,75,2,8842.0,46150.0,7112277.93,4008282.1600000006,3014088.62,Delaware,South,991890,7.56132232404803,65.31069599133261,340.88312825152684,117.89333333333333
WY,2020,Psychiatry,21,4,1681.0,9877.0,1868148.46,791862.0800000001,586333.71,Wyoming,West,577669,3.635299799712292,59.36354257365596,348.8005413444378,80.04761904761905
HI,2020,Social Worker,26,2,671.0,4711.0,778800.95,435082.07,329330.70999999996,Hawaii,West,1451130,1.7917071523571286,69.90675228189343,490.8058271236959,25.807692307692307
MS,2021,Psychologist,45,2,2155.0,15064.5,2523499.8,1356758.6600000001,1050487.94,Mississippi,South,2947603,1.5266642081718602,69.73267881443128,487.46540139211135,47.888888888888886
SD,2021,Social Worker,66,6,1605.0,14767.0,2392224.44,1368557.4899999998,1036790.55,South Dakota,Midwest,896303,7.363581288916806,70.20996478634794,645.9754205607477,24.318181818181817
RI,2021,Psychologist,63,0,2343.0,22343.5,4322852.46,2086603.8800000004,1631100.4800000002,Rhode Island,Northeast,1097381,5.740941386810961,73.00111799852307,696.1589756722152,37.19047619047619
AK,2022,Psychiatry,42,1,1873.0,10497.0,3002955.6399999997,1349215.26,1015692.31,Alaska,West,733659,5.724730426533307,96.760246737163,542.2809983982916,44.595238095238095
AL,2022,Psychologist,75,2,3670.0,23210.0,3593589.1700000004,2083824.22,1590198.53,Alabama,South,5076868,1.4772887536173878,68.51350840155105,433.2966021798365,48.93333333333333
IA,2024,Psychologist,88,5,3913.0,29240.0,6222559.51,2620042.32,1958941.0099999998,Iowa,Midwest,3230454,2.724075315729616,66.99524658002736,500.6238205980066,44.46590909090909
DE,2024,Counselor / MFT,28,0,594.0,2732.0,549498.76,262610.94,203534.91999999998,Delaware,South,1050123,2.6663543223031967,74.50033674963396,342.65138047138043,21.214285714285715
KY,2020,Psychiatry,242,19,29043.0,175534.0,21937045.7,10741494.750000004,8038463.7700000005,Kentucky,South,4508271,5.36791155633723,45.794340526621625,276.7780108804187,120.01239669421487
CA,2020,Social Worker,687,27,16710.0,215566.0,37529010.230000004,19342827.610000007,14928818.010000002,California,West,39527808,1.7380169424016632,69.25404753068666,893.4062244165171,24.323144104803493
KS,2020,Social Worker,285,23,8774.0,75546.5,10494509.27,5958422.450000001,4446140.93,Kansas,Midwest,2938274,9.699571925559018,58.853036606593285,506.74047526783676,30.7859649122807
AZ,2020,Psychologist,239,3,14776.0,126147.0,19658526.37,11093121.940000005,8628079.59,Arizona,West,7186647,3.3256120691610427,68.39702561297534,583.9252564970221,61.82426778242678
WI,2020,Psychiatry,416,19,34048.0,239123.0,32197466.350000005,11923292.840000002,8676563.260000002,Wisconsin,Midwest,5897371,7.053990668045134,36.284938128076355,254.83327243890983,81.84615384615384
ID,2020,Psychiatry,68,1,5083.0,23968.0,4041941.9799999995,1846339.62,1388600.76,Idaho,West,1849328,3.6770113251948815,57.93561248331108,273.185276411568,74.75
NY,2020,Psychiatry,2195,27,201993.0,1199124.5,218203440.92999995,104532685.26999998,80011812.06000002,New York,Northeast,20122262,10.90831637119127,66.72519163773238,396.11180615169843,92.024145785877
NC,2020,Psychiatry,735,13,71419.0,377910.0,57576903.56000001,27369862.440000005,20476963.81000001,North Carolina,South,10450215,7.033348117718152,54.184763065280116,286.71591327237866,97.1687074829932
NM,2020,Social Worker,104,6,2336.0,25387.0,3238404.18,2060467.8399999999,1567827.53,New Mexico,West,2118446,4.909258956801353,61.75710127230472,671.1590453767124,22.46153846153846
RI,2020,Psychologist,70,0,2455.0,22327.0,4152824.7199999997,2006455.94,1558190.55,Rhode Island,Northeast,1096487,6.384024616798922,69.78951717651275,634.7008350305499,35.07142857142857
CT,2020,Psychiatry,435,2,36648.0,181317.0,29834531.560000002,15475113.089999996,11755673.220000003,Connecticut,Northeast,3579643,12.152049799379435,64.83492016744157,320.7725720366733,84.24827586206897
OH,2020,Psychologist,551,9,23172.0,151002.6,25439712.43,13940848.630000003,10644089.970000003,Ohio,Midwest,11798534,4.6700717224699275,70.4894483273798,459.35137105126887,42.05444646098004
NH,2020,Social Worker,192,20,5010.0,44877.0,6409612.94,3705382.85,2805309.49,New Hampshire,Northeast,1378752,13.925637097897228,62.511074492501734,559.942013972056,26.09375
PA,2020,Social Worker,714,26,20036.0,174497.0,25322634.57,14324856.639999993,10823928.839999998,Pennsylvania,Northeast,12995576,5.494177403140884,62.0293119079411,540.2240387302854,28.061624649859944
IL,2020,Social Worker,803,44,21583.0,251618.5,40216330.69,20668962.72,15823876.129999995,Illinois,Midwest,12795348,6.275718331381062,62.88836524341412,733.1638850020847,26.877957658779575
IA,2020,Psychologist,111,9,4708.0,35488.0,6594317.05,3009601.19,2270629.2399999993,Iowa,Midwest,3191081,3.478445078642629,63.98301510369701,482.2916822429905,42.414414414414416
TX,2020,Social Worker,606,10,18887.0,241132.5,32706772.71,17536000.630000003,13435355.290000005,Texas,South,29237895,2.0726526311145177,55.717729007910606,711.3546508180232,31.166666666666668
NV,2020,Psychiatry,122,0,19924.0,149421.0,29406383.54,13052696.39,10074246.52,Nevada,West,3116851,3.9142069993079556,67.42189196966959,505.63373418992165,163.31147540983608
OK,2020,Social Worker,193,14,6670.0,83905.0,8920061.490000002,5589901.130000002,4188668.24,Oklahoma,South,3965243,4.867293126802065,49.92155699898695,627.9862428785608,34.55958549222798
GA,2020,Psychiatry,452,4,54353.0,326357.0,51502151.470000006,25331730.329999994,18809063.160000008,Georgia,South,10732595,4.211469826262894,57.633398885269834,346.0538178205436,120.25
NE,2020,Psychologist,78,5,3071.0,28459.5,5501423.4,2526504.8,1925176.02,Nebraska,Midwest,1963318,3.9728663415707492,67.64616454962315,626.8889677629437,39.37179487179487
MN,2021,Psychiatry,432,10,38126.0,170873.0,39693972.16,15254684.600000001,11338108.680000003,Minnesota,Midwest,5714055,7.560305247324361,66.35400958606687,297.3852142894614,88.25462962962963
NY,2021,Psychologist,1123,23,62502.0,631133.0,118535782.38,69658809.79000002,54733429.85999997,New York,Northeast,19835345,5.661610624871915,86.72249725493671,875.706855140635,55.656277827248445
TN,2021,Psychologist,218,2,13847.0,94724.1,16285227.600000001,8704217.580000002,6717342.369999999,Tennessee,South,6966687,3.1291774698648007,70.91481861532597,485.1117476709756,63.518348623853214
CT,2021,Psychologist,194,1,10171.0,74649.5,12903204.069999998,7652362.579999999,6010021.32,Connecticut,Northeast,3607765,5.377290372294205,80.50986704532515,590.8977799626389,52.42783505154639
MO,2021,Social Worker,315,24,8734.0,92971.0,12439568.73,7675822.040000001,5874394.790000001,Missouri,Midwest,6172551,5.1032385151617214,63.1852383001151,672.5892821158691,27.726984126984128
VA,2021,Social Worker,474,32,12296.0,116589.5,16370681.639999997,10199572.749999998,7743876.659999999,Virginia,South,8660007,5.473436684289054,66.42001775460054,629.7882774886141,25.940928270042193
IA,2021,Social Worker,271,47,8150.0,64640.0,10406566.45,5312842.540000001,3980808.3599999994,Iowa,Midwest,3199037,8.471299331642616,61.58428774752474,488.44274355828213,30.07380073800738
WV,2021,Psychologist,74,5,3400.0,19150.0,3529869.84,1950536.5399999998,1495665.1,West Virginia,South,1785921,4.143520346084737,78.10261618798955,439.90150000000006,45.945945945945944
KY,2021,Psychologist,90,6,5444.0,37281.0,6136563.74,3310956.1400000006,2565351.2,Kentucky,South,4508348,1.9962966479073931,68.81122287492289,471.2254224834681,60.48888888888889
ID,2021,Psychologist,35,0,1253.0,9692.0,1541446.95,958402.73,744027.6199999999,Idaho,West,1904855,1.8374101965766423,76.76719149814278,593.7969832402233,35.8
GA,2021,Social Worker,300,6,10719.0,134258.0,19210654.970000003,9584095.209999999,7421762.760000002,Georgia,South,10793038,2.7795695706806556,55.27985490622534,692.3932045899805,35.73
IN,2021,Social Worker,531,33,20135.0,156464.0,18682634.53,9940768.18,7489617.979999999,Indiana,Midwest,6814223,7.792524547552964,47.86799506595766,371.97010081946854,37.919020715630886
WY,2021,Social Worker,64,13,1819.0,21925.0,3043486.5500000003,1927501.71,1470180.1300000001,Wyoming,West,579662,11.040916948152544,67.05496602052452,808.2353655854866,28.421875
MT,2021,Social Worker,132,34,2893.0,28215.0,4570829.12,2891260.91,2211449.37,Montana,West,1106416,11.930413153822794,78.37849973418395,764.4138852402351,21.916666666666668
AZ,2021,Social Worker,160,8,4565.0,34120.0,6117511.09,3364251.75,2579996.66,Arizona,West,7274022,2.199608414711971,75.61537690504103,565.1690383351588,28.53125
AR,2021,Psychiatry,147,2,14988.0,79099.0,11712550.98,6609906.640000002,4990795.82,Arkansas,South,3027127,4.856089618968745,63.095561511523535,332.98611022151056,101.95918367346938
NY,2022,Psychologist,1039,23,67431.0,572667.3,110560354.85000002,62212194.140000015,48496738.01,New York,Northeast,19713025,5.270626907843925,84.68571194828131,719.2053804629918,64.89990375360924
VA,2022,Social Worker,451,27,11841.0,111599.0,16767788.7,9818087.209999999,7406223.879999999,Virginia,South,8681038,5.19523126151504,66.36460792659432,625.472838442699,26.254988913525498
MI,2022,Psychologist,437,14,24955.0,156899.0,29328074.060000002,16254065.020000001,12513052.95,Michigan,Midwest,10043906,4.350896951843237,79.75227981057877,501.42468242837106,57.10526315789474
MD,2022,Psychologist,247,3,19473.0,131435.1,21348094.64,14098567.900000002,10943876.849999998,Maryland,South,6183257,3.994658478533239,83.26449213337987,562.0026113079648,78.83805668016194
IL,2022,Social Worker,752,22,18547.0,240273.0,40102569.63,21431036.200000003,16416902.190000005,Illinois,Midwest,12609577,5.963721066931904,68.32603825648327,885.1513554752793,24.663563829787233
GA,2022,Psychologist,219,11,9815.0,83214.0,15086737.8,8391539.61,6454482.49,Georgia,South,10929992,2.003661118873646,77.56486276347731,657.6141100356597,44.817351598173516
MN,2022,Psychiatry,444,11,35218.0,165792.0,41976757.39,14312833.539999995,10536203.600000001,Minnesota,Midwest,5727565,7.751985355033073,63.55073586180275,299.17098074848093,79.31981981981981
WA,2022,Psychologist,234,9,8178.0,67770.0,12805647.280000001,7134544.079999998,5493665.429999999,Washington,West,7786828,3.0050747236230206,81.0633824701195,671.7614856933234,34.94871794871795
CO,2022,Social Worker,277,21,5885.0,58197.0,10773129.62,5491820.3100000005,4171605.55,Colorado,West,5853355,4.732328724295725,71.68076619069711,708.8539592183517,21.24548736462094
AR,2022,Social Worker,254,31,8104.0,72782.0,10476046.23,5072131.559999999,3742489.4,Arkansas,South,3047429,8.33489475882785,51.42053529718886,461.80767522211255,31.905511811023622
IN,2022,Psychologist,242,5,16941.0,106712.0,15005624.34,8461801.52,6416814.909999998,Indiana,Midwest,6841491,3.537240639503874,60.13208364570056,378.7742701139247,70.00413223140495
CA,2022,Social Worker,695,25,17299.0,205894.0,37858518.56,20715476.200000003,15945841.85,California,West,39125347,1.7763420730811665,77.44685056388238,921.7782444071911,24.890647482014387
OH,2022,Social Worker,588,23,15494.0,113363.0,17506412.44,9608109.599999998,7199915.709999999,Ohio,Midwest,11764950,4.997896293651907,63.51204281820346,464.69057118884723,26.35034013605442
NV,2022,Psychologist,76,0,3124.0,31854.0,6176874.12,3275069.3899999997,2532471.46,Nevada,West,3177672,2.39168800304122,79.50246311295285,810.6502752880922,41.10526315789474
TN,2022,Social Worker,228,18,6882.0,57647.0,8119612.23,4342334.3,3261678.12,Tennessee,South,7063325,3.227941514796502,56.58018838794734,473.94334786399304,30.18421052631579
LA,2022,Social Worker,182,7,4416.0,35850.0,5166004.4399999995,3178525.7899999996,2388471.3400000003,Louisiana,South,4600892,3.955754666703761,66.62402622036264,540.8676041666668,24.263736263736263
NE,2022,Psychiatry,100,0,9844.0,46273.0,9778422.620000001,4039999.0500000003,2990038.8899999997,Nebraska,Midwest,1972595,5.069464335051037,64.61735547727616,303.7422683868346,98.44
MT,2022,Psychologist,44,6,1439.0,14692.0,2565218.2800000003,1541941.24,1187199.5999999999,Montana,West,1121533,3.9232015464547185,80.80585352572828,825.0170952050033,32.70454545454545
TX,2019,Psychiatry,1155,9,139267.0,748900.0,126263545.5,62395178.75999996,46978339.389999986,Texas,South,28995881,3.9833243901090643,62.72978954466549,337.3257081002677,120.57748917748918
MN,2019,Psychologist,593,34,22799.0,156931.2,29398871.57,13396988.669999994,10220202.090000002,Minnesota,Midwest,5639632,10.51487047381815,65.12536761332355,448.27413877801666,38.4468802698145
PA,2019,Social Worker,805,32,23813.0,188883.0,26672165.650000002,15166230.95,11457493.610000003,Pennsylvania,Northeast,12801989,6.28808539048112,60.659210251849046,481.14448452525943,29.58136645962733
AZ,2019,Psychologist,269,4,15790.0,143331.0,21003278.169999998,12187972.71,9475531.810000002,Arizona,West,7278717,3.695706262518518,66.10943766526434,600.0970113996202,58.698884758364315
CO,2019,Psychologist,328,6,12905.0,118874.5,18159142.44,10981241.750000004,8518402.059999997,Colorado,West,5758736,5.6956943329230585,71.65878350697582,660.0853979077874,39.34451219512195
WV,2019,Psychologist,81,5,4225.0,21136.0,3452077.909999999,1864209.42,1422244.46,West Virginia,South,1792147,4.519718527553822,67.29014288417865,336.6259076923077,52.160493827160494
NC,2019,Social Worker,979,52,37648.0,307389.0,37115896.64,21505596.01,16348562.15,North Carolina,South,10488084,9.334402737430402,53.18525435197746,434.2478259137272,38.45556690500511
NM,2019,Psychiatry,123,2,10272.0,48056.0,8082245.859999999,4075093.8099999996,3058754.0199999996,New Mexico,West,2096829,5.866000517924924,63.64978400199766,297.7758975856697,83.51219512195122
MD,2019,Psychiatry,602,3,69787.0,356130.2,54609967.97999999,32352312.949999988,24415564.76,Maryland,South,6045680,9.957523388601448,68.55797334794971,349.858351268861,115.92524916943522
IL,2019,Psychiatry,803,8,109690.0,601525.0,94433924.33000001,49202177.07,37144201.81999999,Illinois,Midwest,12671821,6.336895068198959,61.75005497693361,338.62887975202835,136.6002490660025
PA,2023,Psychologist,697,4,34623.0,269053.0,46356537.03,28649550.929999992,22199014.289999995,Pennsylvania,Northeast,13009406,5.357661987026925,82.50796047618869,641.1638012303958,49.67431850789096
OH,2023,Psychiatry,728,7,53596.0,274705.0,46688565.760000005,23878251.93999999,17675220.66,Ohio,Midwest,11808390,6.165108029121667,64.34255168271419,329.78619038734234,73.62087912087912
MI,2023,Psychiatry,742,26,57762.0,320937.0,53783557.40999998,29187719.150000002,21883380.290000007,Michigan,Midwest,10062124,7.374188590798523,68.18590654863729,378.8542690696307,77.84636118598382
CA,2023,Psychologist,1589,11,88130.0,1075134.5,210325213.45999998,111443364.93999997,87083406.47999993,California,West,39181667,4.055468084091471,80.99768585232817,988.1244352660834,55.4625550660793
IA,2023,Psychiatry,160,8,13637.0,58486.0,12757325.46,4924804.610000001,3613720.37,Iowa,Midwest,3214739,4.977075899474265,61.787784598023464,264.99379408960914,85.23125
NJ,2023,Psychologist,445,0,36792.0,236095.0,44589590.25,25543308.26,19975895.82,New Jersey,Northeast,9395315,4.736403196699632,84.60956741989453,542.9412866927593,82.67865168539326
FL,2023,Social Worker,953,14,28311.0,320480.0,57773437.68000001,29322646.300000012,22585525.42999998,Florida,South,22929248,4.156263650687541,70.47405588492256,797.7650181908085,29.707240293809026
IN,2023,Psychologist,209,4,16345.0,98018.0,13823962.77,7548008.829999998,5753279.6,Indiana,Midwest,6881373,3.03718458511114,58.69615376767532,351.9901866014071,78.20574162679426
MD,2023,Psychiatry,525,4,47234.0,256032.0,51039863.08999999,26497195.64999999,19909458.200000003,Maryland,South,6204927,8.461018155411015,77.7616008936383,421.506927213448,89.9695238095238
NC,2023,Psychologist,301,3,14323.0,113354.5,22537386.92,10709681.230000004,8201855.309999999,North Carolina,South,10871849,2.7686182911480834,72.35579804948192,572.6352935837464,47.584717607973424
AZ,2023,Social Worker,168,3,5475.0,46144.0,9032062.129999999,4362251.35,3318521.1699999995,Arizona,West,7452073,2.254406257158243,71.91663423196948,606.1225881278538,32.589285714285715
SD,2023,Psychologist,47,1,1653.0,15633.0,2476761.1500000004,1544529.27,1180391.87,South Dakota,Midwest,917739,5.121281758757119,75.50642039275891,714.0906654567453,35.170212765957444
DE,2023,Psychologist,64,0,4024.0,22113.0,3829320.3100000005,2446180.35,1889270.8399999999,Delaware,South,1035354,6.181460640515224,85.43711120155564,469.50070576540753,62.875
NV,2023,Psychiatry,132,0,19129.0,132675.0,23657426.07,10679035.86,8157345.840000001,Nevada,West,3211077,4.110770311643103,61.48366941775015,426.43869726593135,144.91666666666666
OK,2023,Social Worker,180,16,5773.0,86269.0,9981772.420000002,5894178.49,4473608.979999999,Oklahoma,South,4062716,4.430533662702488,51.8565067405441,774.9192759397191,32.07222222222222
OR,2023,Social Worker,199,14,4625.0,37321.0,7911769.859999999,3204522.7699999996,2407505.76,Oregon,West,4250392,4.681921102806518,64.50807213097184,520.5417859459459,23.241206030150753
NM,2023,Social Worker,100,6,2148.0,21958.0,3065757.3200000003,1868504.6400000001,1417465.5999999999,New Mexico,West,2119349,4.718430046207586,64.55349303215229,659.9001862197392,21.48
NM,2024,Psychiatry,98,1,4921.0,27566.0,5260522.529999999,2394058.98,1801373.8999999997,New Mexico,West,2126774,4.6079179075914976,65.34767104403974,366.05850436903063,50.214285714285715
FL,2024,Psychologist,873,5,66718.0,541800.0,104157404.25,54389347.41999999,42414378.239999995,Florida,South,23265838,3.7522826386051515,78.28419756367663,635.7261644533709,76.42382588774342
MN,2024,Social Worker,510,44,12637.0,82164.0,20513646.249999993,7303991.559999999,5451626.4399999995,Minnesota,Midwest,5797405,8.797039365026249,66.35054817194877,431.40194982986463,24.77843137254902
OH,2024,Psychologist,459,6,18197.0,122735.3,28308384.71,12092123.540000003,9254753.18,Ohio,Midwest,11860621,3.8699491367273264,75.40416799404898,508.5867549596087,39.64488017429194
CA,2024,Psychologist,1573,9,95574.0,1244266.0,233536107.34000003,125123998.45000008,97848103.01999998,California,West,39364774,3.995958417035495,78.6392162286842,1023.7941597087072,60.75905912269548
WA,2024,Social Worker,193,9,4292.0,42037.0,8515497.68,4124064.73,3119506.2000000007,Washington,West,7927958,2.4344225839743348,74.20858291505104,726.8187791239517,22.238341968911918
VA,2024,Psychologist,253,6,12907.0,114161.1,22081770.019999996,10478391.360000001,8068099.25,Virginia,South,8819642,2.868597160746434,70.67292843183887,625.094851630898,51.015810276679844
KY,2024,Social Worker,256,37,9423.0,61450.1,10186440.669999998,4711215.22,3485906.2999999993,Kentucky,South,4584046,5.584586193070488,56.727430874807354,369.9359333545579,36.80859375
NC,2024,Psychiatry,650,13,44809.0,232012.0,48995363.66000001,19857692.75,14763920.520000003,North Carolina,South,11052061,5.881255993791565,63.634297019119714,329.4856060166485,68.93692307692308
HI,2024,Psychiatry,79,1,3183.0,25796.0,5264205.91,2420497.8899999997,1798144.81,Hawaii,West,1434952,5.50541063394455,69.70634245619476,564.9213980521521,40.29113924050633
ID,2024,Psychologist,37,1,1137.0,10681.0,1933194.51,1020161.6699999999,786554.11,Idaho,West,2000872,1.8491937515243353,73.64049339949443,691.780219876869,30.72972972972973
MD,2024,Counselor / MFT,106,3,3077.0,23429.0,3844782.0500000003,1922009.87,1491122.4000000001,Maryland,South,6245314,1.6972725470648873,63.64430406760852,484.60266493337673,29.028301886792452
MS,2024,Counselor / MFT,23,2,710.0,2561.0,380398.69999999995,203895.5,152304.03,Mississippi,South,2950172,0.7796155613977761,59.4705310425615,214.51271830985917,30.869565217391305
MA,2024,Counselor / MFT,231,2,5496.0,52105.0,8714248.93,4190723.8400000003,3261087.2800000003,Massachusetts,Northeast,7138560,3.23594674556213,62.586839650705315,593.3564919941776,23.792207792207794
MT,2024,Social Worker,129,27,2549.0,28773.0,5062942.17,2942676.7500000005,2235986.8699999996,Montana,West,1137557,11.340091089940987,77.7112873179717,877.2015967045899,19.75968992248062
NH,2024,Psychologist,90,9,3150.0,31986.0,5354487.24,3277517.9299999997,2514932.33,New Hampshire,Northeast,1408518,6.389694700387215,78.62603420246359,798.3912158730159,35.0
WY,2024,Social Worker,62,12,1598.0,17727.0,3310942.42,1674345.9500000002,1260099.2,Wyoming,West,586722,10.56718514049243,71.08361256839848,788.5476846057571,25.774193548387096
NJ,2024,Counselor / MFT,81,0,2930.0,14981.0,3229536.69,1247720.0899999999,980806.38,New Jersey,Northeast,9506354,0.8520616842166828,65.47002069287764,334.746204778157,36.17283950617284
AR,2024,Psychologist,65,1,4044.0,32734.5,5728580.67,2603332.05,1985145.5199999998,Arkansas,South,3096080,2.099428955324152,60.64383204264613,490.8866271018793,62.215384615384615
NV,2024,Psychiatry,131,0,17860.0,129389.0,23721950.21,10370800.310000002,7931727.949999997,Nevada,West,3253543,4.026379857281738,61.30140854323008,444.105708286674,136.33587786259542
VT,2024,Psychiatry,90,9,4451.0,53564.0,5666539.2700000005,2412320.98,1817580.6599999997,Vermont,Northeast,646521,13.920661509834947,33.93287767903816,408.35332734217025,49.455555555555556
SC,2024,Counselor / MFT,53,1,1525.0,6917.0,1402830.92,641322.1699999999,505218.25999999995,South Carolina,South,5490316,0.9653360571595515,73.04008385138064,331.2906622950819,28.77358490566038
TX,2024,Counselor / MFT,186,2,6745.0,84285.0,10697893.42,5228956.66,4110854.9199999995,Texas,South,31318578,0.5938966960760479,48.77326831583318,609.4670007412898,36.263440860215056
AK,2024,Social Worker,28,6,788.0,6941.0,1884802.39,900327.24,688014.6900000001,Alaska,West,736537,3.801574123228025,99.12328050713154,873.1150888324873,28.142857142857142
IN,2019,Psychiatry,369,3,53558.0,320358.0,36248032.05,18172044.429999996,13575424.379999995,Indiana,Midwest,6732219,5.481105115564422,42.375793268780534,253.47145860562372,145.14363143631437
MI,2019,Psychiatry,801,29,106520.0,564484.0,76885166.96,41336183.54999998,31020708.220000014,Michigan,Midwest,9986857,8.020541397558812,54.954096520007674,291.2195664663914,132.98377028714108
WI,2019,Psychiatry,436,21,39868.0,237301.0,36794037.72,13558291.999999996,9973756.170000006,Wisconsin,Midwest,5822434,7.488277239381331,42.02997951968178,250.16946347948243,91.44036697247707
AR,2019,Psychiatry,156,4,20008.0,95084.0,13798427.26,7482585.800000001,5642464.770000001,Arkansas,South,3017804,5.169321798234743,59.34189527154938,282.01043432626955,128.25641025641025
KY,2019,Social Worker,319,59,13651.0,71576.0,10095746.23,5271704.07,3891538.1900000004,Kentucky,South,4467673,7.1401823723446185,54.36931639096905,285.073488389129,42.793103448275865
LA,2019,Psychiatry,274,6,41470.0,192202.0,28949146.65,14986004.020000003,11387538.88,Louisiana,South,4648794,5.894001756154392,59.24776474750524,274.5970311068242,151.35036496350364
TN,2019,Psychiatry,332,6,44863.0,247752.0,35996075.86,18272961.060000002,13744784.989999998,Tennessee,South,6829174,4.861495694794129,55.47799811908682,306.3724001961527,135.12951807228916
KS,2019,Social Worker,322,21,10796.0,84605.0,11674977.260000002,6514818.0,4873672.9,Kansas,Midwest,2913314,11.052704926417132,57.60502216181077,451.43320674323826,33.52795031055901
GA,2019,Psychologist,276,11,12408.0,100658.5,16210488.16,9433467.889999999,7270132.899999999,Georgia,South,10617423,2.5995008393279613,72.22572261656988,585.9230254674403,44.95652173913044
HI,2019,Psychiatry,83,0,4798.0,28743.0,5234811.65,2579155.75,1912139.8900000001,Hawaii,West,1415872,5.862111829317905,66.5254110566051,398.52853063776575,57.80722891566265
AK,2019,Psychiatry,53,2,2826.0,16209.0,4373490.390000001,1827386.88,1374742.25,Alaska,West,731545,7.244940502634835,84.81351409710655,486.46222576079265,53.320754716981135
NV,2019,Psychiatry,131,0,23968.0,153672.0,30668555.35,13845550.050000004,10674105.899999999,Nevada,West,3080156,4.253031339971092,69.46031742932999,445.3482101134846,182.9618320610687
DE,2019,Psychiatry,73,2,9460.0,46718.0,7305279.779999999,4082386.87,3081259.33,Delaware,South,973764,7.496682974519493,65.95443576351728,325.71451691331924,129.58904109589042
AK,2020,Psychiatry,44,1,2421.0,16170.0,3923778.26,1654589.3199999998,1247536.73,Alaska,West,732906,6.0034984022507665,77.15131292517006,515.2981123502685,55.02272727272727
DC,2020,Psychologist,36,0,1404.0,13513.0,2352313.11,1358874.2999999998,1058815.39,District of Columbia,South,670958,5.365462517773095,78.35531636202175,754.1420156695156,39.0
ND,2021,Psychiatry,58,0,5785.0,20554.0,5286949.140000001,1956820.57,1454651.5300000003,North Dakota,Midwest,777977,7.455233252396922,70.77218692225358,251.45229559204844,99.74137931034483
DE,2021,Social Worker,111,4,2898.0,30837.0,4313687.279999999,2834561.0199999996,2156674.37,Delaware,South,1005130,11.043347626675157,69.93787884683984,744.1940545203589,26.10810810810811
IN,2024,Counselor / MFT,64,6,1473.0,6411.0,1024068.61,479700.26000000007,369918.17000000004,Indiana,Midwest,6934754,0.9228878198130749,57.70054125721417,251.13249830278346,23.015625
SD,2019,Psychologist,59,0,2510.0,22440.0,3662770.92,2057312.8499999996,1571333.81,South Dakota,Midwest,884659,6.669236395040349,70.02378832442068,626.0294063745021,42.54237288135593
DC,2024,Counselor / MFT,4,0,107.0,719.0,97709.48000000001,55509.92,43583.38,District of Columbia,South,691310,0.5786116214144161,60.61666203059805,407.32130841121494,26.75
MO,2020,Psychiatry,445,25,51427.0,317033.0,36497574.15,18922457.12,14018476.499999996,Missouri,Midwest,6155074,7.2298074726640165,44.21772023732544,272.5898166332859,115.56629213483146
VT,2020,Psychologist,63,20,1993.0,29283.0,3798329.03,2727556.2700000005,2095350.27,Vermont,Northeast,642965,9.798356053595452,71.55517774818153,1051.3548770697441,31.634920634920636
MI,2020,Social Worker,1078,48,30164.0,324984.0,40986865.8,21485808.779999997,16294714.789999995,Michigan,Midwest,10072294,10.702626432469108,50.140052402579805,540.2040442249037,27.981447124304268
WA,2020,Psychiatry,395,4,24549.0,136644.0,26626745.990000002,11487840.76,8731745.239999998,Washington,West,7726812,5.112069505508869,63.90141711308216,355.68639211373164,62.1493670886076
FL,2020,Psychologist,1024,4,71408.0,612827.0,104548344.78,61258294.82000001,47839706.69999999,Florida,South,21591325,4.74264548377647,78.06396699231593,669.9488390656508,69.734375
AR,2020,Psychiatry,155,4,16851.0,85919.0,12555911.25,6734312.609999999,5073558.960000001,Arkansas,South,3014399,5.141986843811984,59.05048894889374,301.08355349830873,108.71612903225807
MA,2020,Psychiatry,1168,9,105113.0,611036.0,112524955.58999999,52570496.72000001,39977068.83,Massachusetts,Northeast,6985320,16.720780150372494,65.42506305684117,380.32468705107834,89.99400684931507
MN,2020,Psychologist,528,25,18036.0,143215.0,27077851.070000008,12339289.850000001,9390698.020000001,Minnesota,Midwest,5710562,9.246025172303531,65.57063170757255,520.6641173209138,34.15909090909091
TN,2020,Psychiatry,320,4,37191.0,204399.0,30041977.75,15382697.159999996,11536868.690000001,Tennessee,South,6927736,4.619113661375087,56.44288225480556,310.2059285848727,116.221875
VA,2020,Psychologist,332,10,15255.0,130414.0,21186236.28,11908940.15,9184412.609999998,Virginia,South,8637303,3.8437924430809014,70.42505106813684,602.0591681415927,45.94879518072289
MS,2020,Social Worker,80,3,3083.0,17361.0,2994903.3,1405944.51,1060068.1099999999,Mississippi,South,2958385,2.704178124213042,61.060313922009094,343.843045734674,38.5375
ND,2020,Psychiatry,65,1,6581.0,22703.0,5350223.04,1808915.8499999996,1364235.53,North Dakota,Midwest,779612,8.337480695525466,60.090540016737876,207.29912323355114,101.24615384615385
SC,2020,Psychiatry,349,2,37955.0,175556.0,26136960.519999996,13718445.879999999,10141320.79,South Carolina,South,5131992,6.800478254837498,57.76687091298503,267.1932759847187,108.75358166189112
MT,2020,Psychologist,45,6,1694.0,14066.0,2223567.6799999997,1364120.68,1056276.1,Montana,West,1087156,4.13924036660792,75.09427697995166,623.5396103896104,37.644444444444446
DE,2020,Psychologist,72,1,4325.0,28798.0,4368697.16,2823798.0199999996,2187136.5700000003,Delaware,South,991890,7.258869431086108,75.94751614695465,505.6963167630058,60.06944444444444
WY,2020,Psychologist,33,5,1192.0,12237.0,1858736.86,1168339.08,898329.63,Wyoming,West,577669,5.7126139709764585,73.41093650404511,753.6322399328859,36.121212121212125
MD,2021,Social Worker,624,8,18989.0,196984.0,27928968.17,17491427.200000003,13431066.850000001,Maryland,South,6176035,10.103569685081125,68.18354206433011,707.3077492232346,30.431089743589745
PA,2021,Psychologist,718,2,37602.0,284857.5,46487619.37,31938164.190000005,24919653.500000004,Pennsylvania,Northeast,13016628,5.516021507259791,87.48112126238559,662.7214908781449,52.370473537604454
OH,2021,Psychiatry,806,12,71074.0,364190.5,57593201.56,31663929.10000001,23739124.629999995,Ohio,Midwest,11761443,6.852900617721822,65.18326158974492,334.00574935982206,88.18114143920596
MA,2021,Psychiatry,1136,10,97766.0,568576.0,113054283.92999998,55131729.53999999,42042300.31000001,Massachusetts,Northeast,6996721,16.23617691773046,73.9431497460322,430.0298704048443,86.06161971830986
CA,2021,Psychiatry,2131,16,188174.0,1398102.0,285180307.9100001,127461542.31999993,97193467.66000006,California,West,39152927,5.442760384172555,69.51815222351449,516.5084850191847,88.3031440638198
FL,2021,Social Worker,951,7,29315.0,355434.0,57103158.96,34009953.68,26441238.76,Florida,South,21836698,4.355054047090819,74.39141657804262,901.9695978168174,30.825446898002102
AL,2021,Psychologist,90,2,4075.0,26060.0,3933043.0700000003,2422939.6999999997,1859974.29,Alabama,South,5050058,1.7821577494753527,71.3727663085188,456.43540858895705,45.27777777777778
LA,2021,Psychologist,77,1,4188.0,23199.5,3333555.88,2057478.76,1560570.85,Louisiana,South,4628595,1.6635717750202816,67.267434642988,372.6291427889208,54.38961038961039
NH,2021,Social Worker,167,21,4154.0,39124.0,5852746.67,3477980.5400000005,2645879.9899999998,New Hampshire,Northeast,1387907,12.032506500795803,67.62805413556896,636.9475180548868,24.87425149700599
WA,2021,Social Worker,217,9,4813.0,45358.0,7747744.110000001,4436579.1899999995,3370317.2800000003,Washington,West,7744316,2.802055081430045,74.30480356276732,700.252915021816,22.179723502304146
CO,2021,Psychologist,271,8,11460.0,102259.0,17264758.62,10807887.16,8427225.41,Colorado,West,5814368,4.660867698776548,82.41059867591117,735.3599834205934,42.28782287822878
UT,2021,Psychologist,90,3,3635.0,26230.0,4246059.75,2587009.5899999994,2002390.9200000004,Utah,West,3339874,2.6947124352595337,76.33972245520398,550.864077028886,40.388888888888886
NV,2021,Psychiatry,126,0,18924.0,128397.0,24661417.119999997,11749988.050000004,9030901.71,Nevada,West,3148472,4.001941259125061,70.33576882637446,477.2194942929614,150.1904761904762
KS,2021,Psychologist,144,3,7552.0,54129.0,9513862.22,5452976.75,4208497.629999999,Kansas,Midwest,2938966,4.899682405308534,77.74940660274527,557.2692836334744,52.44444444444444
ME,2021,Psychologist,56,9,1457.0,15570.0,2527781.01,1484355.57,1144659.9300000002,Maine,Northeast,1379009,4.0608872023315294,73.5170154142582,785.6279547014415,26.017857142857142
FL,2022,Psychologist,926,2,67563.0,556210.0,103485091.59999998,57701598.32000001,44983115.79000001,Florida,South,22413989,4.131348507398661,80.87433845130438,665.7951214422096,72.9622030237581
NH,2022,Psychologist,93,6,3622.0,35050.0,5373595.779999999,3659893.09,2813647.05,New Hampshire,Northeast,1396647,6.658804980786126,80.2752368045649,776.821383213694,38.946236559139784
IA,2022,Social Worker,272,47,7345.0,58064.1,9682446.63,4814788.08,3582769.1800000006,Iowa,Midwest,3201890,8.49498265087183,61.70368919866149,487.78341456773325,27.003676470588236
UT,2022,Psychiatry,138,0,6333.0,34333.0,7124554.42,3028334.2000000007,2256933.840000001,Utah,West,3393928,4.066085078999908,65.7365753065564,356.3767314069163,45.891304347826086
WI,2022,Psychiatry,389,16,28051.0,191325.0,31039819.38,11490627.769999998,8309829.34,Wisconsin,Midwest,5903472,6.589342678342508,43.433055481510515,296.24003921428823,72.11053984575835
TX,2022,Psychologist,680,4,54952.0,452068.0,73448588.5,40792760.49,31654984.470000006,Texas,South,30118002,2.257785891640488,70.02261710627606,576.0479048988209,80.81176470588235
KY,2022,Psychiatry,225,17,21776.0,139544.0,18928796.68,8959466.079999998,6641296.47,Kentucky,South,4521238,4.976513070092749,47.59284863555581,304.98238749081554,96.78222222222222
ND,2022,Psychologist,61,2,2476.0,20561.0,3559735.38,1733136.3200000003,1312294.9800000002,North Dakota,Midwest,780191,7.818598266321965,63.824472545109685,530.0060500807755,40.59016393442623
ID,2022,Social Worker,121,14,2316.0,25700.0,3746265.49,2061638.88,1541306.06,Idaho,West,1942951,6.227640326493051,59.97299844357977,665.5034801381693,19.140495867768596
WV,2022,Social Worker,44,5,1412.0,10755.0,1686725.9700000002,809389.3899999999,604460.8099999999,West Virginia,South,1774003,2.4802663806092773,56.20277173407717,428.08839235127476,32.09090909090909
SC,2022,Psychiatry,330,2,29086.0,143641.0,23233939.509999998,12225163.209999995,8955799.08,South Carolina,South,5288957,6.239415446183434,62.34848740958361,307.9075527745307,88.13939393939394
AZ,2022,Psychiatry,344,7,22928.0,128115.0,25979185.45,11893558.910000002,8923882.12,Arizona,West,7370065,4.667530069273473,69.65524817546735,389.21328157711093,66.65116279069767
NM,2022,Psychiatry,105,2,6263.0,32793.0,5959331.32,2920450.7300000004,2184808.6700000004,New Mexico,West,2112859,4.969569668397181,66.62423901442382,348.8437921124063,59.647619047619045
WY,2022,Social Worker,67,18,1854.0,21018.0,3361337.14,1936201.29,1465786.45,Wyoming,West,581742,11.517133024605409,69.73957798077838,790.6075782092772,27.671641791044777
OR,2022,Psychologist,195,0,7002.0,55262.0,10301199.05,5191261.350000001,3950613.5700000008,Oregon,West,4245964,4.592596640009194,71.48879103181211,564.2121636675237,35.90769230769231
DE,2022,Psychiatry,73,2,7928.0,42875.0,7466285.57,3995522.29,2989101.09,Delaware,South,1020279,7.154905667959451,69.71664349854227,377.0309144803229,108.6027397260274
AL,2022,Psychiatry,216,3,22217.0,127523.3,16908983.36,10166255.479999999,7529696.670000002,Alabama,South,5076868,4.2545916104180765,59.04565416672876,338.91599540892116,102.85648148148148
HI,2022,Psychiatry,77,0,3584.0,26651.0,4819763.77,2427016.02,1788686.5399999998,Hawaii,West,1437812,5.355359393300376,67.11517541555664,499.0754854910714,46.54545454545455
OK,2022,Psychiatry,197,6,20955.0,118910.0,17959725.61,9937085.54,7305293.610000001,Oklahoma,South,4025327,4.894012337382777,61.43548574552183,348.61816320687194,106.37055837563452
MS,2022,Social Worker,72,4,2414.0,15314.0,2723845.3899999997,1357209.9800000002,1023373.5,Mississippi,South,2941237,2.4479496211967957,66.8260088807627,423.93268434134217,33.52777777777778
FL,2019,Social Worker,1054,7,35914.0,401854.0,59373005.89000001,33918896.53,26226376.580000006,Florida,South,21477737,4.9074071444305325,65.26344538066066,730.254958512001,34.07400379506641
VT,2019,Social Worker,148,65,3620.0,46623.5,5965255.54,3813628.590000001,2882402.4100000006,Vermont,Northeast,623989,23.718366830184507,61.82295215931881,796.2437596685085,24.45945945945946
ID,2019,Psychiatry,77,2,6382.0,30520.0,5219383.81,2446345.6799999997,1830686.8099999998,Idaho,West,1787065,4.308740868407137,59.983185124508516,286.85158414290186,82.88311688311688
VA,2019,Psychiatry,564,26,75696.0,344482.0,50305720.709999986,28028567.35000001,20705226.199999996,Virginia,South,8535519,6.6076825556829055,60.10539360547139,273.53131209046705,134.2127659574468
VA,2023,Social Worker,449,26,11306.0,109282.0,17363523.72,9684581.32,7336685.589999998,Virginia,South,8732034,5.141986391715836,67.13535248256801,648.9196523969572,25.180400890868597
MN,2023,Social Worker,570,54,14238.0,95194.0,22775516.75,8012288.3900000015,5978808.589999999,Minnesota,Midwest,5752998,9.907877597037231,62.8065696367418,419.9191311982019,24.978947368421053
IL,2023,Psychiatry,769,12,98469.0,610604.0,86198791.39999999,41661132.87000001,31829224.32999999,Illinois,Midwest,12633389,6.087044418564171,52.12744156605589,323.24106398968195,128.0481144343303
KY,2023,Psychiatry,219,18,18826.0,136499.0,17074437.75,8063741.96,6024376.200000001,Kentucky,South,4549953,4.813236532333411,44.13494750877297,320.0029852331882,85.96347031963471
RI,2023,Psychologist,60,0,1891.0,18385.0,3564161.5,1713191.49,1316193.5699999998,Rhode Island,Northeast,1101183,5.448685640806296,71.59062115855316,696.030444209413,31.516666666666666
DC,2023,Psychologist,32,0,1212.0,11371.0,2299278.98,1138164.24,888639.3199999998,District of Columbia,South,682559,4.688239404945214,78.14961920675401,733.2007590759074,37.875
TX,2023,Social Worker,620,14,25095.0,258513.0,41804923.65,18660015.45,14339946.21999999,Texas,South,30719247,2.018278638145004,55.47089012931647,571.4264283721852,40.475806451612904
CT,2023,Psychologist,159,0,8569.0,55731.0,10657806.91,5588739.050000001,4358712.53,Connecticut,Northeast,3641369,4.366489636178041,78.20983886885217,508.6605823316607,53.893081761006286
ND,2023,Social Worker,61,4,1246.0,9621.5,1978900.8599999999,778271.8200000001,580652.93,North Dakota,Midwest,787071,7.750253789048256,60.349522423738506,466.01358747993584,20.42622950819672
SC,2023,Social Worker,198,5,5365.0,46026.0,7555811.290000001,4281059.76,3240390.8499999996,South Carolina,South,5390798,3.6729256039643854,70.40348607308911,603.9871109040074,27.095959595959595
TN,2023,Social Worker,231,19,6972.0,58566.0,8755824.79,4383047.93,3306542.09,Tennessee,South,7153029,3.2294011390139756,56.45839036300925,474.26019650028684,30.181818181818183
CO,2023,Psychologist,232,5,8764.0,85685.0,15638840.280000001,8527520.670000002,6602967.34,Colorado,West,5912240,3.924062622626957,77.06094812394234,753.4193678685532,37.775862068965516
NE,2023,Psychologist,55,3,2165.0,19992.5,4336779.13,1769417.5899999999,1350738.27,Nebraska,Midwest,1988172,2.7663602545453814,67.56224934350381,623.897584295612,39.36363636363637
WA,2023,Psychiatry,350,2,18643.0,109172.0,28533085.97,10513027.43,7960106.960000001,Washington,West,7838655,4.465051721245545,72.91344813688492,426.9756455506089,53.26571428571429
GA,2023,Psychologist,204,8,9926.0,80767.0,15067360.29,7948177.349999998,6124124.779999999,Georgia,South,11063669,1.843872950284395,75.82459147919323,616.9781160588353,48.65686274509804
KS,2023,Psychiatry,152,6,15879.0,70998.0,12691076.33,6357621.5600000005,4740383.92,Kansas,Midwest,2949749,5.1529808129437455,66.76785148877433,298.5316405315196,104.46710526315789
NH,2023,Psychologist,92,8,3701.0,35718.0,5728331.1899999995,3583874.0600000005,2749333.9200000004,New Hampshire,Northeast,1401530,6.564254778706128,76.97334453216867,742.8624479870307,40.22826086956522
AR,2023,Psychiatry,144,4,10806.0,60962.0,9058713.34,5009876.99,3747557.92,Arkansas,South,3069856,4.690773769193083,61.473670811325086,346.80343512863226,75.04166666666667
WV,2023,Psychiatry,130,10,12420.0,57566.0,9497262.19,4941475.300000001,3617956.05,West Virginia,South,1770036,7.344483389038415,62.84883524997394,291.3008091787439,95.53846153846153
MT,2023,Social Worker,126,25,2596.0,26847.0,4558197.74,2656633.3400000003,2012002.42,Montana,West,1130612,11.144406746080884,74.94328677319626,775.0394530046225,20.603174603174605
MS,2023,Psychologist,40,1,1591.0,12411.0,2208099.46,1140923.05,869240.6799999999,Mississippi,South,2942470,1.359402134941053,70.0379244218838,546.3486360779384,39.775
WY,2023,Psychologist,21,3,769.0,8491.0,1884913.98,871568.3300000001,667183.07,Wyoming,West,584666,3.5917942893891555,78.57532328347662,867.5982704811443,36.61904761904762
WV,2024,Psychologist,61,4,2624.0,14168.0,2646817.23,1325604.03,1011303.9899999999,West Virginia,South,1767402,3.4513936274825987,71.37944593450027,385.4054839939024,43.01639344262295
WY,2024,Counselor / MFT,38,10,661.0,4693.0,883417.14,412438.51999999996,316716.8,Wyoming,West,586722,6.476661860301812,67.48706584274451,479.1479576399395,17.394736842105264
MA,2024,Social Worker,1032,11,28482.0,315877.0,56684179.269999996,27767096.840000004,21104598.90000001,Massachusetts,Northeast,7138560,14.45669714900484,66.81271159343672,740.9802296187069,27.598837209302324
WI,2024,Psychologist,276,15,10838.0,72163.0,21835514.15,6033683.53,4569236.6,Wisconsin,Midwest,5957168,4.633073970718972,63.31827390768122,421.59407639785934,39.268115942028984
NJ,2024,Social Worker,835,0,26419.0,336795.0,60358726.67,29104526.509999987,22590756.189999986,New Jersey,Northeast,9506354,8.783598843468274,67.07568755474394,855.095052424391,31.639520958083832
TX,2024,Social Worker,568,13,23727.0,264630.0,42235119.75,19316144.589999992,14848733.530000001,Texas,South,31318578,1.8136200181247053,56.11130079733969,625.8158861212964,41.772887323943664
ME,2024,Psychiatry,128,15,6032.0,27775.0,6989224.83,2690011.72,2024943.73,Maine,Northeast,1408438,9.08808197449941,72.90526480648064,335.70022049071616,47.125
IA,2024,Psychiatry,160,7,12898.0,56660.0,12427037.340000002,4631923.84,3430821.24,Iowa,Midwest,3230454,4.952864210417483,60.55102788563361,265.99637463172587,80.6125
MD,2024,Social Worker,598,6,16943.0,185109.0,30676359.18,17119477.340000004,13051897.689999998,Maryland,South,6245314,9.575179086271723,70.50925503352077,770.3415977099686,28.33277591973244
PA,2024,Psychologist,640,5,33409.0,251262.0,45305293.49,27622522.63000001,21439668.74,Pennsylvania,Northeast,13045848,4.905775385394648,85.32793952129649,641.7333275464695,52.2015625
NY,2024,Psychologist,950,17,60933.0,566253.3,113220938.45000005,58828270.92000001,45955251.82999999,New York,Northeast,20001419,4.74966301140934,81.15670465849821,754.1931601923422,64.14
LA,2024,Psychiatry,241,7,19119.0,82407.0,14638829.929999996,7164563.659999998,5405528.75,Louisiana,South,4614878,5.222239894532423,65.59550462946109,282.7307259793922,79.33195020746888
AL,2024,Psychiatry,216,1,19471.0,117061.0,18877065.09,9578133.779999997,7159864.9,Alabama,South,5163055,4.183569611402551,61.16353781361855,367.71942375840996,90.14351851851852
OK,2024,Psychologist,77,0,3943.0,36246.0,6027006.65,3312754.69,2557346.5899999994,Oklahoma,South,4097758,1.879076314413882,70.55527754786733,648.578896779102,51.20779220779221
SC,2024,Social Worker,185,4,4654.0,44539.0,7534540.680000001,4331021.749999998,3269729.409999999,South Carolina,South,5490316,3.3695692561229627,73.41272615011562,702.5632595616672,25.156756756756756
RI,2024,Psychiatry,166,0,8840.0,189070.0,12454273.680000002,5702824.4,4362697.91,Rhode Island,Northeast,1110415,14.949365777659704,23.074511609456817,493.51786312217195,53.25301204819277
IN,2024,Social Worker,412,19,16233.0,129045.0,19801461.17,8266515.400000002,6186848.82,Indiana,Midwest,6934754,5.941090340046669,47.94334394978496,381.1278765477731,39.400485436893206
MS,2024,Social Worker,61,4,2054.0,16914.0,3343741.9699999997,1573740.7999999998,1204386.66,Mississippi,South,2950172,2.067676054141928,71.20649521106775,586.3615676728334,33.67213114754098
DC,2024,Social Worker,36,0,1247.0,10928.0,1826046.18,1023668.21,790065.6,District of Columbia,South,691310,5.207504592729745,72.29736456808199,633.5730553327987,34.638888888888886
SD,2024,Psychologist,42,1,1587.0,14068.0,2312433.02,1387975.41,1052573.74,South Dakota,Midwest,927110,4.530206771580503,74.82042507819163,663.2474732199117,37.785714285714285
AK,2024,Counselor / MFT,17,1,356.0,4372.0,1177966.23,519495.76,411762.35,Alaska,West,736537,2.3080985748170155,94.18169030192131,1156.6358146067414,20.941176470588236
KY,2024,Counselor / MFT,55,15,1565.0,8556.0,1623648.31,561989.34,434631.22,Kentucky,South,4584046,1.1998134399174878,50.79841280972417,277.7196293929712,28.454545454545453
ND,2024,Psychiatry,50,0,3847.0,16000.0,5321593.0,1382273.0,1023801.63,North Dakota,Midwest,793387,6.302094690233139,63.987601875,266.12987522745,76.94
MN,2024,Counselor / MFT,127,10,2535.0,16214.0,3160188.9,1110468.75,857900.0800000001,Minnesota,Midwest,5797405,2.1906352928594774,52.91106944615765,338.4221222879685,19.96062992125984
NJ,2019,Psychologist,533,0,35046.0,270120.1,44444152.739999995,25493721.3,19918773.279999994,New Jersey,Northeast,8882190,6.00077233204874,73.74043353308397,568.3608194943787,65.75234521575985
ME,2019,Social Worker,382,93,9662.0,92556.5,12452823.66,7824556.029999996,5968080.000000002,Maine,Northeast,1344212,28.418136424909164,64.48039845931946,617.6857793417514,25.293193717277486
SC,2019,Social Worker,202,3,6744.0,50013.0,7221115.800000001,4170596.6099999994,3159069.93,South Carolina,South,5148714,3.923309781821247,63.16497570631636,468.42673932384344,33.386138613861384
OR,2019,Psychologist,234,3,9033.0,65493.0,10933532.25,5677266.44,4345750.25,Oregon,West,4217737,5.547998843929814,66.35442337349029,481.0971161297465,38.6025641025641
WA,2019,Psychologist,294,11,12354.0,96340.0,16105378.030000001,9136828.68,7042825.549999998,Washington,West,7614893,3.860855300264889,73.10385665351876,570.0846325076897,42.02040816326531
MA,2019,Psychologist,773,8,33474.0,291146.0,51250640.7,26283312.670000013,20313715.75,Massachusetts,Northeast,6892503,11.215083983278644,69.77157766206645,606.8505631236184,43.30401034928849
NH,2019,Psychologist,115,9,4800.0,41526.0,5553887.59,4028926.59,3091995.3900000006,New Hampshire,Northeast,1359711,8.457679609858271,74.45926383470598,644.1657062500001,41.73913043478261
IA,2019,Psychiatry,175,15,21773.0,176115.0,18310288.339999996,7029616.42,5167253.070000002,Iowa,Midwest,3155070,5.546628125524949,29.340221275870892,237.32389059844772,124.41714285714286
DC,2019,Social Worker,25,0,755.0,8946.0,1210402.2000000002,766776.9099999999,593028.02,District of Columbia,South,705749,3.5423358729519987,66.28974066621954,785.4675761589405,30.2
AL,2019,Psychologist,104,4,6609.0,40275.5,6022996.68,3283847.5600000005,2525540.38,Alabama,South,4903185,2.121070283907297,62.70661767079241,382.13653805416857,63.54807692307692
MS,2021,Psychiatry,100,3,14731.0,76086.0,11227634.63,6384068.730000001,4839861.48,Mississippi,South,2947603,3.3925871292708005,63.61040769655391,328.5494182336569,147.31
RI,2021,Psychiatry,172,0,13397.0,103240.0,15613348.990000002,7699666.420000002,5916001.090000001,Rhode Island,Northeast,1097381,15.673681246531515,57.30338134444015,441.5914824214377,77.88953488372093
MT,2024,Counselor / MFT,23,4,468.0,3131.0,664421.77,286460.77,224866.25,Montana,West,1137557,2.0218767059584706,71.81930693069307,480.4834401709402,20.347826086956523
WA,2024,Counselor / MFT,63,7,1303.0,7667.0,1925105.8599999999,737104.5299999999,567505.62,Washington,West,7927958,0.7946560766341093,74.01925394548063,435.5376976208749,20.682539682539684
OK,2019,Psychologist,120,2,6566.0,51944.5,7586877.840000002,4632588.459999999,3580423.039999999,Oklahoma,South,3956971,3.032622680327958,68.92785646218559,545.2974474565945,54.71666666666667
MS,2019,Psychologist,53,2,4220.0,25969.0,3896597.32,2028670.71,1550190.7000000002,Mississippi,South,2976149,1.7808248175746577,59.69389271824099,367.3437677725119,79.62264150943396
AK,2022,Psychologist,20,1,667.0,7035.0,2238669.2,836127.4099999999,648944.0199999999,Alaska,West,733659,2.7260621078730036,92.2450632551528,972.9295652173912,33.35
